-- phpMyAdmin SQL Dump
-- version 4.8.4
-- https://www.phpmyadmin.net/
--
-- Host: localhost
-- Generation Time: Jan 01, 2019 at 05:36 PM
-- Server version: 10.1.37-MariaDB
-- PHP Version: 7.1.25

SET SQL_MODE = "NO_AUTO_VALUE_ON_ZERO";
SET AUTOCOMMIT = 0;
START TRANSACTION;
SET time_zone = "+00:00";


/*!40101 SET @OLD_CHARACTER_SET_CLIENT=@@CHARACTER_SET_CLIENT */;
/*!40101 SET @OLD_CHARACTER_SET_RESULTS=@@CHARACTER_SET_RESULTS */;
/*!40101 SET @OLD_COLLATION_CONNECTION=@@COLLATION_CONNECTION */;
/*!40101 SET NAMES utf8mb4 */;

--
-- Database: `dzacommerce`
--

-- --------------------------------------------------------

--
-- Table structure for table `coupon`
--

CREATE TABLE `coupon` (
  `id` int(11) UNSIGNED NOT NULL,
  `code` varchar(50) NOT NULL DEFAULT '',
  `valid` date NOT NULL,
  `discount` float DEFAULT NULL,
  `active` enum('yes','no') NOT NULL DEFAULT 'yes',
  `date_created` timestamp NULL DEFAULT CURRENT_TIMESTAMP
) ENGINE=InnoDB DEFAULT CHARSET=latin1;

--
-- Dumping data for table `coupon`
--

INSERT INTO `coupon` (`id`, `code`, `valid`, `discount`, `active`, `date_created`) VALUES
(1, 'newyear', '2019-01-01', 50000, 'yes', '2019-01-01 12:49:55');

-- --------------------------------------------------------

--
-- Stand-in structure for view `get_list_section_order`
-- (See below for the actual view)
--
CREATE TABLE `get_list_section_order` (
`sec_order` int(11)
);

-- --------------------------------------------------------

--
-- Table structure for table `list_section`
--

CREATE TABLE `list_section` (
  `id` int(11) NOT NULL,
  `section_id` int(11) NOT NULL,
  `name` varchar(200) COLLATE utf8_unicode_ci NOT NULL DEFAULT '',
  `type_sec_id` int(11) NOT NULL,
  `sec_order` int(11) NOT NULL,
  `date_created` timestamp NOT NULL DEFAULT CURRENT_TIMESTAMP
) ENGINE=InnoDB DEFAULT CHARSET=utf8 COLLATE=utf8_unicode_ci;

--
-- Dumping data for table `list_section`
--

INSERT INTO `list_section` (`id`, `section_id`, `name`, `type_sec_id`, `sec_order`, `date_created`) VALUES
(1, 1, 'header', 1, 1, '2018-12-19 16:44:46'),
(2, 2, 'header', 1, 2, '2018-12-19 16:44:46'),
(3, 1, 'technologies', 3, 3, '2018-12-19 17:35:19'),
(4, 1, 'about', 2, 4, '2018-12-20 01:39:05'),
(5, 1, 'features', 4, 5, '2018-12-20 02:22:16'),
(6, 1, 'product', 6, 6, '2018-12-20 05:18:51'),
(7, 1, 'video', 7, 8, '2018-12-20 07:20:07'),
(8, 1, 'faq', 8, 9, '2018-12-21 16:07:00'),
(9, 1, 'download', 9, 10, '2018-12-21 16:19:33'),
(10, 1, 'team', 10, 11, '2018-12-21 16:26:05'),
(11, 1, 'review', 11, 14, '2018-12-21 16:33:31'),
(12, 1, 'buy', 12, 15, '2018-12-21 17:07:14'),
(13, 1, 'newsletter', 13, 16, '2018-12-21 17:07:40'),
(14, 1, 'footer', 14, 17, '2018-12-21 17:07:59'),
(30, 6, '', 1, 12, '2018-12-25 18:02:29'),
(31, 13, '', 14, 13, '2018-12-25 18:03:14'),
(32, 1, '', 5, 7, '2018-12-26 02:09:10');

-- --------------------------------------------------------

--
-- Table structure for table `mst_city`
--

CREATE TABLE `mst_city` (
  `id` int(11) NOT NULL,
  `id_province` int(11) DEFAULT NULL,
  `city` varchar(255) DEFAULT NULL
) ENGINE=InnoDB DEFAULT CHARSET=latin1;

--
-- Dumping data for table `mst_city`
--

INSERT INTO `mst_city` (`id`, `id_province`, `city`) VALUES
(1101, 11, 'KABUPATEN SIMEULUE'),
(1102, 11, 'KABUPATEN ACEH SINGKIL'),
(1103, 11, 'KABUPATEN ACEH SELATAN'),
(1104, 11, 'KABUPATEN ACEH TENGGARA'),
(1105, 11, 'KABUPATEN ACEH TIMUR'),
(1106, 11, 'KABUPATEN ACEH TENGAH'),
(1107, 11, 'KABUPATEN ACEH BARAT'),
(1108, 11, 'KABUPATEN ACEH BESAR'),
(1109, 11, 'KABUPATEN PIDIE'),
(1110, 11, 'KABUPATEN BIREUEN'),
(1111, 11, 'KABUPATEN ACEH UTARA'),
(1112, 11, 'KABUPATEN ACEH BARAT DAYA'),
(1113, 11, 'KABUPATEN GAYO LUES'),
(1114, 11, 'KABUPATEN ACEH TAMIANG'),
(1115, 11, 'KABUPATEN NAGAN RAYA'),
(1116, 11, 'KABUPATEN ACEH JAYA'),
(1117, 11, 'KABUPATEN BENER MERIAH'),
(1118, 11, 'KABUPATEN PIDIE JAYA'),
(1171, 11, 'KOTA BANDA ACEH'),
(1172, 11, 'KOTA SABANG'),
(1173, 11, 'KOTA LANGSA'),
(1174, 11, 'KOTA LHOKSEUMAWE'),
(1175, 11, 'KOTA SUBULUSSALAM'),
(1201, 12, 'KABUPATEN NIAS'),
(1202, 12, 'KABUPATEN MANDAILING NATAL'),
(1203, 12, 'KABUPATEN TAPANULI SELATAN'),
(1204, 12, 'KABUPATEN TAPANULI TENGAH'),
(1205, 12, 'KABUPATEN TAPANULI UTARA'),
(1206, 12, 'KABUPATEN TOBA SAMOSIR'),
(1207, 12, 'KABUPATEN LABUHAN BATU'),
(1208, 12, 'KABUPATEN ASAHAN'),
(1209, 12, 'KABUPATEN SIMALUNGUN'),
(1210, 12, 'KABUPATEN DAIRI'),
(1211, 12, 'KABUPATEN KARO'),
(1212, 12, 'KABUPATEN DELI SERDANG'),
(1213, 12, 'KABUPATEN LANGKAT'),
(1214, 12, 'KABUPATEN NIAS SELATAN'),
(1215, 12, 'KABUPATEN HUMBANG HASUNDUTAN'),
(1216, 12, 'KABUPATEN PAKPAK BHARAT'),
(1217, 12, 'KABUPATEN SAMOSIR'),
(1218, 12, 'KABUPATEN SERDANG BEDAGAI'),
(1219, 12, 'KABUPATEN BATU BARA'),
(1220, 12, 'KABUPATEN PADANG LAWAS UTARA'),
(1221, 12, 'KABUPATEN PADANG LAWAS'),
(1222, 12, 'KABUPATEN LABUHAN BATU SELATAN'),
(1223, 12, 'KABUPATEN LABUHAN BATU UTARA'),
(1224, 12, 'KABUPATEN NIAS UTARA'),
(1225, 12, 'KABUPATEN NIAS BARAT'),
(1271, 12, 'KOTA SIBOLGA'),
(1272, 12, 'KOTA TANJUNG BALAI'),
(1273, 12, 'KOTA PEMATANG SIANTAR'),
(1274, 12, 'KOTA TEBING TINGGI'),
(1275, 12, 'KOTA MEDAN'),
(1276, 12, 'KOTA BINJAI'),
(1277, 12, 'KOTA PADANGSIDIMPUAN'),
(1278, 12, 'KOTA GUNUNGSITOLI'),
(1301, 13, 'KABUPATEN KEPULAUAN MENTAWAI'),
(1302, 13, 'KABUPATEN PESISIR SELATAN'),
(1303, 13, 'KABUPATEN SOLOK'),
(1304, 13, 'KABUPATEN SIJUNJUNG'),
(1305, 13, 'KABUPATEN TANAH DATAR'),
(1306, 13, 'KABUPATEN PADANG PARIAMAN'),
(1307, 13, 'KABUPATEN AGAM'),
(1308, 13, 'KABUPATEN LIMA PULUH KOTA'),
(1309, 13, 'KABUPATEN PASAMAN'),
(1310, 13, 'KABUPATEN SOLOK SELATAN'),
(1311, 13, 'KABUPATEN DHARMASRAYA'),
(1312, 13, 'KABUPATEN PASAMAN BARAT'),
(1371, 13, 'KOTA PADANG'),
(1372, 13, 'KOTA SOLOK'),
(1373, 13, 'KOTA SAWAH LUNTO'),
(1374, 13, 'KOTA PADANG PANJANG'),
(1375, 13, 'KOTA BUKITTINGGI'),
(1376, 13, 'KOTA PAYAKUMBUH'),
(1377, 13, 'KOTA PARIAMAN'),
(1401, 14, 'KABUPATEN KUANTAN SINGINGI'),
(1402, 14, 'KABUPATEN INDRAGIRI HULU'),
(1403, 14, 'KABUPATEN INDRAGIRI HILIR'),
(1404, 14, 'KABUPATEN PELALAWAN'),
(1405, 14, 'KABUPATEN S I A K'),
(1406, 14, 'KABUPATEN KAMPAR'),
(1407, 14, 'KABUPATEN ROKAN HULU'),
(1408, 14, 'KABUPATEN BENGKALIS'),
(1409, 14, 'KABUPATEN ROKAN HILIR'),
(1410, 14, 'KABUPATEN KEPULAUAN MERANTI'),
(1471, 14, 'KOTA PEKANBARU'),
(1473, 14, 'KOTA D U M A I'),
(1501, 15, 'KABUPATEN KERINCI'),
(1502, 15, 'KABUPATEN MERANGIN'),
(1503, 15, 'KABUPATEN SAROLANGUN'),
(1504, 15, 'KABUPATEN BATANG HARI'),
(1505, 15, 'KABUPATEN MUARO JAMBI'),
(1506, 15, 'KABUPATEN TANJUNG JABUNG TIMUR'),
(1507, 15, 'KABUPATEN TANJUNG JABUNG BARAT'),
(1508, 15, 'KABUPATEN TEBO'),
(1509, 15, 'KABUPATEN BUNGO'),
(1571, 15, 'KOTA JAMBI'),
(1572, 15, 'KOTA SUNGAI PENUH'),
(1601, 16, 'KABUPATEN OGAN KOMERING ULU'),
(1602, 16, 'KABUPATEN OGAN KOMERING ILIR'),
(1603, 16, 'KABUPATEN MUARA ENIM'),
(1604, 16, 'KABUPATEN LAHAT'),
(1605, 16, 'KABUPATEN MUSI RAWAS'),
(1606, 16, 'KABUPATEN MUSI BANYUASIN'),
(1607, 16, 'KABUPATEN BANYU ASIN'),
(1608, 16, 'KABUPATEN OGAN KOMERING ULU SELATAN'),
(1609, 16, 'KABUPATEN OGAN KOMERING ULU TIMUR'),
(1610, 16, 'KABUPATEN OGAN ILIR'),
(1611, 16, 'KABUPATEN EMPAT LAWANG'),
(1612, 16, 'KABUPATEN PENUKAL ABAB LEMATANG ILIR'),
(1613, 16, 'KABUPATEN MUSI RAWAS UTARA'),
(1671, 16, 'KOTA PALEMBANG'),
(1672, 16, 'KOTA PRABUMULIH'),
(1673, 16, 'KOTA PAGAR ALAM'),
(1674, 16, 'KOTA LUBUKLINGGAU'),
(1701, 17, 'KABUPATEN BENGKULU SELATAN'),
(1702, 17, 'KABUPATEN REJANG LEBONG'),
(1703, 17, 'KABUPATEN BENGKULU UTARA'),
(1704, 17, 'KABUPATEN KAUR'),
(1705, 17, 'KABUPATEN SELUMA'),
(1706, 17, 'KABUPATEN MUKOMUKO'),
(1707, 17, 'KABUPATEN LEBONG'),
(1708, 17, 'KABUPATEN KEPAHIANG'),
(1709, 17, 'KABUPATEN BENGKULU TENGAH'),
(1771, 17, 'KOTA BENGKULU'),
(1801, 18, 'KABUPATEN LAMPUNG BARAT'),
(1802, 18, 'KABUPATEN TANGGAMUS'),
(1803, 18, 'KABUPATEN LAMPUNG SELATAN'),
(1804, 18, 'KABUPATEN LAMPUNG TIMUR'),
(1805, 18, 'KABUPATEN LAMPUNG TENGAH'),
(1806, 18, 'KABUPATEN LAMPUNG UTARA'),
(1807, 18, 'KABUPATEN WAY KANAN'),
(1808, 18, 'KABUPATEN TULANGBAWANG'),
(1809, 18, 'KABUPATEN PESAWARAN'),
(1810, 18, 'KABUPATEN PRINGSEWU'),
(1811, 18, 'KABUPATEN MESUJI'),
(1812, 18, 'KABUPATEN TULANG BAWANG BARAT'),
(1813, 18, 'KABUPATEN PESISIR BARAT'),
(1871, 18, 'KOTA BANDAR LAMPUNG'),
(1872, 18, 'KOTA METRO'),
(1901, 19, 'KABUPATEN BANGKA'),
(1902, 19, 'KABUPATEN BELITUNG'),
(1903, 19, 'KABUPATEN BANGKA BARAT'),
(1904, 19, 'KABUPATEN BANGKA TENGAH'),
(1905, 19, 'KABUPATEN BANGKA SELATAN'),
(1906, 19, 'KABUPATEN BELITUNG TIMUR'),
(1971, 19, 'KOTA PANGKAL PINANG'),
(2101, 21, 'KABUPATEN KARIMUN'),
(2102, 21, 'KABUPATEN BINTAN'),
(2103, 21, 'KABUPATEN NATUNA'),
(2104, 21, 'KABUPATEN LINGGA'),
(2105, 21, 'KABUPATEN KEPULAUAN ANAMBAS'),
(2171, 21, 'KOTA B A T A M'),
(2172, 21, 'KOTA TANJUNG PINANG'),
(3101, 31, 'KABUPATEN KEPULAUAN SERIBU'),
(3171, 31, 'KOTA JAKARTA SELATAN'),
(3172, 31, 'KOTA JAKARTA TIMUR'),
(3173, 31, 'KOTA JAKARTA PUSAT'),
(3174, 31, 'KOTA JAKARTA BARAT'),
(3175, 31, 'KOTA JAKARTA UTARA'),
(3201, 32, 'KABUPATEN BOGOR'),
(3202, 32, 'KABUPATEN SUKABUMI'),
(3203, 32, 'KABUPATEN CIANJUR'),
(3204, 32, 'KABUPATEN BANDUNG'),
(3205, 32, 'KABUPATEN GARUT'),
(3206, 32, 'KABUPATEN TASIKMALAYA'),
(3207, 32, 'KABUPATEN CIAMIS'),
(3208, 32, 'KABUPATEN KUNINGAN'),
(3209, 32, 'KABUPATEN CIREBON'),
(3210, 32, 'KABUPATEN MAJALENGKA'),
(3211, 32, 'KABUPATEN SUMEDANG'),
(3212, 32, 'KABUPATEN INDRAMAYU'),
(3213, 32, 'KABUPATEN SUBANG'),
(3214, 32, 'KABUPATEN PURWAKARTA'),
(3215, 32, 'KABUPATEN KARAWANG'),
(3216, 32, 'KABUPATEN BEKASI'),
(3217, 32, 'KABUPATEN BANDUNG BARAT'),
(3218, 32, 'KABUPATEN PANGANDARAN'),
(3271, 32, 'KOTA BOGOR'),
(3272, 32, 'KOTA SUKABUMI'),
(3273, 32, 'KOTA BANDUNG'),
(3274, 32, 'KOTA CIREBON'),
(3275, 32, 'KOTA BEKASI'),
(3276, 32, 'KOTA DEPOK'),
(3277, 32, 'KOTA CIMAHI'),
(3278, 32, 'KOTA TASIKMALAYA'),
(3279, 32, 'KOTA BANJAR'),
(3301, 33, 'KABUPATEN CILACAP'),
(3302, 33, 'KABUPATEN BANYUMAS'),
(3303, 33, 'KABUPATEN PURBALINGGA'),
(3304, 33, 'KABUPATEN BANJARNEGARA'),
(3305, 33, 'KABUPATEN KEBUMEN'),
(3306, 33, 'KABUPATEN PURWOREJO'),
(3307, 33, 'KABUPATEN WONOSOBO'),
(3308, 33, 'KABUPATEN MAGELANG'),
(3309, 33, 'KABUPATEN BOYOLALI'),
(3310, 33, 'KABUPATEN KLATEN'),
(3311, 33, 'KABUPATEN SUKOHARJO'),
(3312, 33, 'KABUPATEN WONOGIRI'),
(3313, 33, 'KABUPATEN KARANGANYAR'),
(3314, 33, 'KABUPATEN SRAGEN'),
(3315, 33, 'KABUPATEN GROBOGAN'),
(3316, 33, 'KABUPATEN BLORA'),
(3317, 33, 'KABUPATEN REMBANG'),
(3318, 33, 'KABUPATEN PATI'),
(3319, 33, 'KABUPATEN KUDUS'),
(3320, 33, 'KABUPATEN JEPARA'),
(3321, 33, 'KABUPATEN DEMAK'),
(3322, 33, 'KABUPATEN SEMARANG'),
(3323, 33, 'KABUPATEN TEMANGGUNG'),
(3324, 33, 'KABUPATEN KENDAL'),
(3325, 33, 'KABUPATEN BATANG'),
(3326, 33, 'KABUPATEN PEKALONGAN'),
(3327, 33, 'KABUPATEN PEMALANG'),
(3328, 33, 'KABUPATEN TEGAL'),
(3329, 33, 'KABUPATEN BREBES'),
(3371, 33, 'KOTA MAGELANG'),
(3372, 33, 'KOTA SURAKARTA'),
(3373, 33, 'KOTA SALATIGA'),
(3374, 33, 'KOTA SEMARANG'),
(3375, 33, 'KOTA PEKALONGAN'),
(3376, 33, 'KOTA TEGAL'),
(3401, 34, 'KABUPATEN KULON PROGO'),
(3402, 34, 'KABUPATEN BANTUL'),
(3403, 34, 'KABUPATEN GUNUNG KIDUL'),
(3404, 34, 'KABUPATEN SLEMAN'),
(3471, 34, 'KOTA YOGYAKARTA'),
(3501, 35, 'KABUPATEN PACITAN'),
(3502, 35, 'KABUPATEN PONOROGO'),
(3503, 35, 'KABUPATEN TRENGGALEK'),
(3504, 35, 'KABUPATEN TULUNGAGUNG'),
(3505, 35, 'KABUPATEN BLITAR'),
(3506, 35, 'KABUPATEN KEDIRI'),
(3507, 35, 'KABUPATEN MALANG'),
(3508, 35, 'KABUPATEN LUMAJANG'),
(3509, 35, 'KABUPATEN JEMBER'),
(3510, 35, 'KABUPATEN BANYUWANGI'),
(3511, 35, 'KABUPATEN BONDOWOSO'),
(3512, 35, 'KABUPATEN SITUBONDO'),
(3513, 35, 'KABUPATEN PROBOLINGGO'),
(3514, 35, 'KABUPATEN PASURUAN'),
(3515, 35, 'KABUPATEN SIDOARJO'),
(3516, 35, 'KABUPATEN MOJOKERTO'),
(3517, 35, 'KABUPATEN JOMBANG'),
(3518, 35, 'KABUPATEN NGANJUK'),
(3519, 35, 'KABUPATEN MADIUN'),
(3520, 35, 'KABUPATEN MAGETAN'),
(3521, 35, 'KABUPATEN NGAWI'),
(3522, 35, 'KABUPATEN BOJONEGORO'),
(3523, 35, 'KABUPATEN TUBAN'),
(3524, 35, 'KABUPATEN LAMONGAN'),
(3525, 35, 'KABUPATEN GRESIK'),
(3526, 35, 'KABUPATEN BANGKALAN'),
(3527, 35, 'KABUPATEN SAMPANG'),
(3528, 35, 'KABUPATEN PAMEKASAN'),
(3529, 35, 'KABUPATEN SUMENEP'),
(3571, 35, 'KOTA KEDIRI'),
(3572, 35, 'KOTA BLITAR'),
(3573, 35, 'KOTA MALANG'),
(3574, 35, 'KOTA PROBOLINGGO'),
(3575, 35, 'KOTA PASURUAN'),
(3576, 35, 'KOTA MOJOKERTO'),
(3577, 35, 'KOTA MADIUN'),
(3578, 35, 'KOTA SURABAYA'),
(3579, 35, 'KOTA BATU'),
(3601, 36, 'KABUPATEN PANDEGLANG'),
(3602, 36, 'KABUPATEN LEBAK'),
(3603, 36, 'KABUPATEN TANGERANG'),
(3604, 36, 'KABUPATEN SERANG'),
(3671, 36, 'KOTA TANGERANG'),
(3672, 36, 'KOTA CILEGON'),
(3673, 36, 'KOTA SERANG'),
(3674, 36, 'KOTA TANGERANG SELATAN'),
(5101, 51, 'KABUPATEN JEMBRANA'),
(5102, 51, 'KABUPATEN TABANAN'),
(5103, 51, 'KABUPATEN BADUNG'),
(5104, 51, 'KABUPATEN GIANYAR'),
(5105, 51, 'KABUPATEN KLUNGKUNG'),
(5106, 51, 'KABUPATEN BANGLI'),
(5107, 51, 'KABUPATEN KARANG ASEM'),
(5108, 51, 'KABUPATEN BULELENG'),
(5171, 51, 'KOTA DENPASAR'),
(5201, 52, 'KABUPATEN LOMBOK BARAT'),
(5202, 52, 'KABUPATEN LOMBOK TENGAH'),
(5203, 52, 'KABUPATEN LOMBOK TIMUR'),
(5204, 52, 'KABUPATEN SUMBAWA'),
(5205, 52, 'KABUPATEN DOMPU'),
(5206, 52, 'KABUPATEN BIMA'),
(5207, 52, 'KABUPATEN SUMBAWA BARAT'),
(5208, 52, 'KABUPATEN LOMBOK UTARA'),
(5271, 52, 'KOTA MATARAM'),
(5272, 52, 'KOTA BIMA'),
(5301, 53, 'KABUPATEN SUMBA BARAT'),
(5302, 53, 'KABUPATEN SUMBA TIMUR'),
(5303, 53, 'KABUPATEN KUPANG'),
(5304, 53, 'KABUPATEN TIMOR TENGAH SELATAN'),
(5305, 53, 'KABUPATEN TIMOR TENGAH UTARA'),
(5306, 53, 'KABUPATEN BELU'),
(5307, 53, 'KABUPATEN ALOR'),
(5308, 53, 'KABUPATEN LEMBATA'),
(5309, 53, 'KABUPATEN FLORES TIMUR'),
(5310, 53, 'KABUPATEN SIKKA'),
(5311, 53, 'KABUPATEN ENDE'),
(5312, 53, 'KABUPATEN NGADA'),
(5313, 53, 'KABUPATEN MANGGARAI'),
(5314, 53, 'KABUPATEN ROTE NDAO'),
(5315, 53, 'KABUPATEN MANGGARAI BARAT'),
(5316, 53, 'KABUPATEN SUMBA TENGAH'),
(5317, 53, 'KABUPATEN SUMBA BARAT DAYA'),
(5318, 53, 'KABUPATEN NAGEKEO'),
(5319, 53, 'KABUPATEN MANGGARAI TIMUR'),
(5320, 53, 'KABUPATEN SABU RAIJUA'),
(5321, 53, 'KABUPATEN MALAKA'),
(5371, 53, 'KOTA KUPANG'),
(6101, 61, 'KABUPATEN SAMBAS'),
(6102, 61, 'KABUPATEN BENGKAYANG'),
(6103, 61, 'KABUPATEN LANDAK'),
(6104, 61, 'KABUPATEN MEMPAWAH'),
(6105, 61, 'KABUPATEN SANGGAU'),
(6106, 61, 'KABUPATEN KETAPANG'),
(6107, 61, 'KABUPATEN SINTANG'),
(6108, 61, 'KABUPATEN KAPUAS HULU'),
(6109, 61, 'KABUPATEN SEKADAU'),
(6110, 61, 'KABUPATEN MELAWI'),
(6111, 61, 'KABUPATEN KAYONG UTARA'),
(6112, 61, 'KABUPATEN KUBU RAYA'),
(6171, 61, 'KOTA PONTIANAK'),
(6172, 61, 'KOTA SINGKAWANG'),
(6201, 62, 'KABUPATEN KOTAWARINGIN BARAT'),
(6202, 62, 'KABUPATEN KOTAWARINGIN TIMUR'),
(6203, 62, 'KABUPATEN KAPUAS'),
(6204, 62, 'KABUPATEN BARITO SELATAN'),
(6205, 62, 'KABUPATEN BARITO UTARA'),
(6206, 62, 'KABUPATEN SUKAMARA'),
(6207, 62, 'KABUPATEN LAMANDAU'),
(6208, 62, 'KABUPATEN SERUYAN'),
(6209, 62, 'KABUPATEN KATINGAN'),
(6210, 62, 'KABUPATEN PULANG PISAU'),
(6211, 62, 'KABUPATEN GUNUNG MAS'),
(6212, 62, 'KABUPATEN BARITO TIMUR'),
(6213, 62, 'KABUPATEN MURUNG RAYA'),
(6271, 62, 'KOTA PALANGKA RAYA'),
(6301, 63, 'KABUPATEN TANAH LAUT'),
(6302, 63, 'KABUPATEN KOTA BARU'),
(6303, 63, 'KABUPATEN BANJAR'),
(6304, 63, 'KABUPATEN BARITO KUALA'),
(6305, 63, 'KABUPATEN TAPIN'),
(6306, 63, 'KABUPATEN HULU SUNGAI SELATAN'),
(6307, 63, 'KABUPATEN HULU SUNGAI TENGAH'),
(6308, 63, 'KABUPATEN HULU SUNGAI UTARA'),
(6309, 63, 'KABUPATEN TABALONG'),
(6310, 63, 'KABUPATEN TANAH BUMBU'),
(6311, 63, 'KABUPATEN BALANGAN'),
(6371, 63, 'KOTA BANJARMASIN'),
(6372, 63, 'KOTA BANJAR BARU'),
(6401, 64, 'KABUPATEN PASER'),
(6402, 64, 'KABUPATEN KUTAI BARAT'),
(6403, 64, 'KABUPATEN KUTAI KARTANEGARA'),
(6404, 64, 'KABUPATEN KUTAI TIMUR'),
(6405, 64, 'KABUPATEN BERAU'),
(6409, 64, 'KABUPATEN PENAJAM PASER UTARA'),
(6411, 64, 'KABUPATEN MAHAKAM HULU'),
(6471, 64, 'KOTA BALIKPAPAN'),
(6472, 64, 'KOTA SAMARINDA'),
(6474, 64, 'KOTA BONTANG'),
(6501, 65, 'KABUPATEN MALINAU'),
(6502, 65, 'KABUPATEN BULUNGAN'),
(6503, 65, 'KABUPATEN TANA TIDUNG'),
(6504, 65, 'KABUPATEN NUNUKAN'),
(6571, 65, 'KOTA TARAKAN'),
(7101, 71, 'KABUPATEN BOLAANG MONGONDOW'),
(7102, 71, 'KABUPATEN MINAHASA'),
(7103, 71, 'KABUPATEN KEPULAUAN SANGIHE'),
(7104, 71, 'KABUPATEN KEPULAUAN TALAUD'),
(7105, 71, 'KABUPATEN MINAHASA SELATAN'),
(7106, 71, 'KABUPATEN MINAHASA UTARA'),
(7107, 71, 'KABUPATEN BOLAANG MONGONDOW UTARA'),
(7108, 71, 'KABUPATEN SIAU TAGULANDANG BIARO'),
(7109, 71, 'KABUPATEN MINAHASA TENGGARA'),
(7110, 71, 'KABUPATEN BOLAANG MONGONDOW SELATAN'),
(7111, 71, 'KABUPATEN BOLAANG MONGONDOW TIMUR'),
(7171, 71, 'KOTA MANADO'),
(7172, 71, 'KOTA BITUNG'),
(7173, 71, 'KOTA TOMOHON'),
(7174, 71, 'KOTA KOTAMOBAGU'),
(7201, 72, 'KABUPATEN BANGGAI KEPULAUAN'),
(7202, 72, 'KABUPATEN BANGGAI'),
(7203, 72, 'KABUPATEN MOROWALI'),
(7204, 72, 'KABUPATEN POSO'),
(7205, 72, 'KABUPATEN DONGGALA'),
(7206, 72, 'KABUPATEN TOLI-TOLI'),
(7207, 72, 'KABUPATEN BUOL'),
(7208, 72, 'KABUPATEN PARIGI MOUTONG'),
(7209, 72, 'KABUPATEN TOJO UNA-UNA'),
(7210, 72, 'KABUPATEN SIGI'),
(7211, 72, 'KABUPATEN BANGGAI LAUT'),
(7212, 72, 'KABUPATEN MOROWALI UTARA'),
(7271, 72, 'KOTA PALU'),
(7301, 73, 'KABUPATEN KEPULAUAN SELAYAR'),
(7302, 73, 'KABUPATEN BULUKUMBA'),
(7303, 73, 'KABUPATEN BANTAENG'),
(7304, 73, 'KABUPATEN JENEPONTO'),
(7305, 73, 'KABUPATEN TAKALAR'),
(7306, 73, 'KABUPATEN GOWA'),
(7307, 73, 'KABUPATEN SINJAI'),
(7308, 73, 'KABUPATEN MAROS'),
(7309, 73, 'KABUPATEN PANGKAJENE DAN KEPULAUAN'),
(7310, 73, 'KABUPATEN BARRU'),
(7311, 73, 'KABUPATEN BONE'),
(7312, 73, 'KABUPATEN SOPPENG'),
(7313, 73, 'KABUPATEN WAJO'),
(7314, 73, 'KABUPATEN SIDENRENG RAPPANG'),
(7315, 73, 'KABUPATEN PINRANG'),
(7316, 73, 'KABUPATEN ENREKANG'),
(7317, 73, 'KABUPATEN LUWU'),
(7318, 73, 'KABUPATEN TANA TORAJA'),
(7322, 73, 'KABUPATEN LUWU UTARA'),
(7325, 73, 'KABUPATEN LUWU TIMUR'),
(7326, 73, 'KABUPATEN TORAJA UTARA'),
(7371, 73, 'KOTA MAKASSAR'),
(7372, 73, 'KOTA PAREPARE'),
(7373, 73, 'KOTA PALOPO'),
(7401, 74, 'KABUPATEN BUTON'),
(7402, 74, 'KABUPATEN MUNA'),
(7403, 74, 'KABUPATEN KONAWE'),
(7404, 74, 'KABUPATEN KOLAKA'),
(7405, 74, 'KABUPATEN KONAWE SELATAN'),
(7406, 74, 'KABUPATEN BOMBANA'),
(7407, 74, 'KABUPATEN WAKATOBI'),
(7408, 74, 'KABUPATEN KOLAKA UTARA'),
(7409, 74, 'KABUPATEN BUTON UTARA'),
(7410, 74, 'KABUPATEN KONAWE UTARA'),
(7411, 74, 'KABUPATEN KOLAKA TIMUR'),
(7412, 74, 'KABUPATEN KONAWE KEPULAUAN'),
(7413, 74, 'KABUPATEN MUNA BARAT'),
(7414, 74, 'KABUPATEN BUTON TENGAH'),
(7415, 74, 'KABUPATEN BUTON SELATAN'),
(7471, 74, 'KOTA KENDARI'),
(7472, 74, 'KOTA BAUBAU'),
(7501, 75, 'KABUPATEN BOALEMO'),
(7502, 75, 'KABUPATEN GORONTALO'),
(7503, 75, 'KABUPATEN POHUWATO'),
(7504, 75, 'KABUPATEN BONE BOLANGO'),
(7505, 75, 'KABUPATEN GORONTALO UTARA'),
(7571, 75, 'KOTA GORONTALO'),
(7601, 76, 'KABUPATEN MAJENE'),
(7602, 76, 'KABUPATEN POLEWALI MANDAR'),
(7603, 76, 'KABUPATEN MAMASA'),
(7604, 76, 'KABUPATEN MAMUJU'),
(7605, 76, 'KABUPATEN MAMUJU UTARA'),
(7606, 76, 'KABUPATEN MAMUJU TENGAH'),
(8101, 81, 'KABUPATEN MALUKU TENGGARA BARAT'),
(8102, 81, 'KABUPATEN MALUKU TENGGARA'),
(8103, 81, 'KABUPATEN MALUKU TENGAH'),
(8104, 81, 'KABUPATEN BURU'),
(8105, 81, 'KABUPATEN KEPULAUAN ARU'),
(8106, 81, 'KABUPATEN SERAM BAGIAN BARAT'),
(8107, 81, 'KABUPATEN SERAM BAGIAN TIMUR'),
(8108, 81, 'KABUPATEN MALUKU BARAT DAYA'),
(8109, 81, 'KABUPATEN BURU SELATAN'),
(8171, 81, 'KOTA AMBON'),
(8172, 81, 'KOTA TUAL'),
(8201, 82, 'KABUPATEN HALMAHERA BARAT'),
(8202, 82, 'KABUPATEN HALMAHERA TENGAH'),
(8203, 82, 'KABUPATEN KEPULAUAN SULA'),
(8204, 82, 'KABUPATEN HALMAHERA SELATAN'),
(8205, 82, 'KABUPATEN HALMAHERA UTARA'),
(8206, 82, 'KABUPATEN HALMAHERA TIMUR'),
(8207, 82, 'KABUPATEN PULAU MOROTAI'),
(8208, 82, 'KABUPATEN PULAU TALIABU'),
(8271, 82, 'KOTA TERNATE'),
(8272, 82, 'KOTA TIDORE KEPULAUAN'),
(9101, 91, 'KABUPATEN FAKFAK'),
(9102, 91, 'KABUPATEN KAIMANA'),
(9103, 91, 'KABUPATEN TELUK WONDAMA'),
(9104, 91, 'KABUPATEN TELUK BINTUNI'),
(9105, 91, 'KABUPATEN MANOKWARI'),
(9106, 91, 'KABUPATEN SORONG SELATAN'),
(9107, 91, 'KABUPATEN SORONG'),
(9108, 91, 'KABUPATEN RAJA AMPAT'),
(9109, 91, 'KABUPATEN TAMBRAUW'),
(9110, 91, 'KABUPATEN MAYBRAT'),
(9111, 91, 'KABUPATEN MANOKWARI SELATAN'),
(9112, 91, 'KABUPATEN PEGUNUNGAN ARFAK'),
(9171, 91, 'KOTA SORONG'),
(9401, 94, 'KABUPATEN MERAUKE'),
(9402, 94, 'KABUPATEN JAYAWIJAYA'),
(9403, 94, 'KABUPATEN JAYAPURA'),
(9404, 94, 'KABUPATEN NABIRE'),
(9408, 94, 'KABUPATEN KEPULAUAN YAPEN'),
(9409, 94, 'KABUPATEN BIAK NUMFOR'),
(9410, 94, 'KABUPATEN PANIAI'),
(9411, 94, 'KABUPATEN PUNCAK JAYA'),
(9412, 94, 'KABUPATEN MIMIKA'),
(9413, 94, 'KABUPATEN BOVEN DIGOEL'),
(9414, 94, 'KABUPATEN MAPPI'),
(9415, 94, 'KABUPATEN ASMAT'),
(9416, 94, 'KABUPATEN YAHUKIMO'),
(9417, 94, 'KABUPATEN PEGUNUNGAN BINTANG'),
(9418, 94, 'KABUPATEN TOLIKARA'),
(9419, 94, 'KABUPATEN SARMI'),
(9420, 94, 'KABUPATEN KEEROM'),
(9426, 94, 'KABUPATEN WAROPEN'),
(9427, 94, 'KABUPATEN SUPIORI'),
(9428, 94, 'KABUPATEN MAMBERAMO RAYA'),
(9429, 94, 'KABUPATEN NDUGA'),
(9430, 94, 'KABUPATEN LANNY JAYA'),
(9431, 94, 'KABUPATEN MAMBERAMO TENGAH'),
(9432, 94, 'KABUPATEN YALIMO'),
(9433, 94, 'KABUPATEN PUNCAK'),
(9434, 94, 'KABUPATEN DOGIYAI'),
(9435, 94, 'KABUPATEN INTAN JAYA'),
(9436, 94, 'KABUPATEN DEIYAI'),
(9471, 94, 'KOTA JAYAPURA');

-- --------------------------------------------------------

--
-- Table structure for table `mst_delivery`
--

CREATE TABLE `mst_delivery` (
  `id` int(11) NOT NULL,
  `id_city` int(11) DEFAULT NULL,
  `jne` int(11) NOT NULL DEFAULT '0',
  `jnt` int(11) NOT NULL DEFAULT '0',
  `ninja` int(11) NOT NULL DEFAULT '0',
  `wahana` int(11) NOT NULL,
  `pos` int(11) NOT NULL
) ENGINE=InnoDB DEFAULT CHARSET=latin1;

--
-- Dumping data for table `mst_delivery`
--

INSERT INTO `mst_delivery` (`id`, `id_city`, `jne`, `jnt`, `ninja`, `wahana`, `pos`) VALUES
(1, 1101, 30000, 20000, 0, 0, 0),
(2, 1102, 30000, 20000, 0, 0, 0),
(3, 1103, 30000, 20000, 0, 0, 0),
(4, 1104, 30000, 20000, 0, 0, 0),
(5, 1105, 30000, 20000, 0, 0, 0),
(6, 1106, 30000, 20000, 0, 0, 0),
(7, 1107, 30000, 20000, 0, 0, 0),
(8, 1108, 30000, 20000, 0, 0, 0),
(9, 1109, 30000, 20000, 0, 0, 0),
(10, 1110, 30000, 20000, 0, 0, 0),
(11, 1111, 30000, 20000, 0, 0, 0),
(12, 1112, 30000, 20000, 0, 0, 0),
(13, 1113, 30000, 20000, 0, 0, 0),
(14, 1114, 30000, 20000, 0, 0, 0),
(15, 1115, 30000, 20000, 0, 0, 0),
(16, 1116, 30000, 20000, 0, 0, 0),
(17, 1117, 30000, 20000, 0, 0, 0),
(18, 1118, 30000, 20000, 0, 0, 0),
(19, 1171, 30000, 20000, 0, 0, 0),
(20, 1172, 30000, 20000, 0, 0, 0),
(21, 1173, 30000, 20000, 0, 0, 0),
(22, 1174, 30000, 20000, 0, 0, 0),
(23, 1175, 30000, 20000, 0, 0, 0),
(24, 1201, 30000, 20000, 0, 0, 0),
(25, 1202, 30000, 20000, 0, 0, 0),
(26, 1203, 30000, 20000, 0, 0, 0),
(27, 1204, 30000, 20000, 0, 0, 0),
(28, 1205, 30000, 20000, 0, 0, 0),
(29, 1206, 30000, 20000, 0, 0, 0),
(30, 1207, 30000, 20000, 0, 0, 0),
(31, 1208, 30000, 20000, 0, 0, 0),
(32, 1209, 30000, 20000, 0, 0, 0),
(33, 1210, 30000, 20000, 0, 0, 0),
(34, 1211, 30000, 20000, 0, 0, 0),
(35, 1212, 30000, 20000, 0, 0, 0),
(36, 1213, 30000, 20000, 0, 0, 0),
(37, 1214, 30000, 20000, 0, 0, 0),
(38, 1215, 30000, 20000, 0, 0, 0),
(39, 1216, 30000, 20000, 0, 0, 0),
(40, 1217, 30000, 20000, 0, 0, 0),
(41, 1218, 30000, 20000, 0, 0, 0),
(42, 1219, 30000, 20000, 0, 0, 0),
(43, 1220, 30000, 20000, 0, 0, 0),
(44, 1221, 30000, 20000, 0, 0, 0),
(45, 1222, 30000, 20000, 0, 0, 0),
(46, 1223, 30000, 20000, 0, 0, 0),
(47, 1224, 30000, 20000, 0, 0, 0),
(48, 1225, 30000, 20000, 0, 0, 0),
(49, 1271, 30000, 20000, 0, 0, 0),
(50, 1272, 30000, 20000, 0, 0, 0),
(51, 1273, 30000, 20000, 0, 0, 0),
(52, 1274, 30000, 20000, 0, 0, 0),
(53, 1275, 30000, 20000, 0, 0, 0),
(54, 1276, 30000, 20000, 0, 0, 0),
(55, 1277, 30000, 20000, 0, 0, 0),
(56, 1278, 30000, 20000, 0, 0, 0),
(57, 1301, 30000, 20000, 0, 0, 0),
(58, 1302, 30000, 20000, 0, 0, 0),
(59, 1303, 30000, 20000, 0, 0, 0),
(60, 1304, 30000, 20000, 0, 0, 0),
(61, 1305, 30000, 20000, 0, 0, 0),
(62, 1306, 30000, 20000, 0, 0, 0),
(63, 1307, 30000, 20000, 0, 0, 0),
(64, 1308, 30000, 20000, 0, 0, 0),
(65, 1309, 30000, 20000, 0, 0, 0),
(66, 1310, 30000, 20000, 0, 0, 0),
(67, 1311, 30000, 20000, 0, 0, 0),
(68, 1312, 30000, 20000, 0, 0, 0),
(69, 1371, 30000, 20000, 0, 0, 0),
(70, 1372, 30000, 20000, 0, 0, 0),
(71, 1373, 30000, 20000, 0, 0, 0),
(72, 1374, 30000, 20000, 0, 0, 0),
(73, 1375, 30000, 20000, 0, 0, 0),
(74, 1376, 30000, 20000, 0, 0, 0),
(75, 1377, 30000, 20000, 0, 0, 0),
(76, 1401, 30000, 20000, 0, 0, 0),
(77, 1402, 30000, 20000, 0, 0, 0),
(78, 1403, 30000, 20000, 0, 0, 0),
(79, 1404, 30000, 20000, 0, 0, 0),
(80, 1405, 30000, 20000, 0, 0, 0),
(81, 1406, 30000, 20000, 0, 0, 0),
(82, 1407, 30000, 20000, 0, 0, 0),
(83, 1408, 30000, 20000, 0, 0, 0),
(84, 1409, 30000, 20000, 0, 0, 0),
(85, 1410, 30000, 20000, 0, 0, 0),
(86, 1471, 30000, 20000, 0, 0, 0),
(87, 1473, 30000, 20000, 0, 0, 0),
(88, 1501, 30000, 20000, 0, 0, 0),
(89, 1502, 30000, 20000, 0, 0, 0),
(90, 1503, 30000, 20000, 0, 0, 0),
(91, 1504, 30000, 20000, 0, 0, 0),
(92, 1505, 30000, 20000, 0, 0, 0),
(93, 1506, 30000, 20000, 0, 0, 0),
(94, 1507, 30000, 20000, 0, 0, 0),
(95, 1508, 30000, 20000, 0, 0, 0),
(96, 1509, 30000, 20000, 0, 0, 0),
(97, 1571, 30000, 20000, 0, 0, 0),
(98, 1572, 30000, 20000, 0, 0, 0),
(99, 1601, 30000, 20000, 0, 0, 0),
(100, 1602, 30000, 20000, 0, 0, 0),
(101, 1603, 30000, 20000, 0, 0, 0),
(102, 1604, 30000, 20000, 0, 0, 0),
(103, 1605, 30000, 20000, 0, 0, 0),
(104, 1606, 30000, 20000, 0, 0, 0),
(105, 1607, 30000, 20000, 0, 0, 0),
(106, 1608, 30000, 20000, 0, 0, 0),
(107, 1609, 30000, 20000, 0, 0, 0),
(108, 1610, 30000, 20000, 0, 0, 0),
(109, 1611, 30000, 20000, 0, 0, 0),
(110, 1612, 30000, 20000, 0, 0, 0),
(111, 1613, 30000, 20000, 0, 0, 0),
(112, 1671, 30000, 20000, 0, 0, 0),
(113, 1672, 30000, 20000, 0, 0, 0),
(114, 1673, 30000, 20000, 0, 0, 0),
(115, 1674, 30000, 20000, 0, 0, 0),
(116, 1701, 30000, 20000, 0, 0, 0),
(117, 1702, 30000, 20000, 0, 0, 0),
(118, 1703, 30000, 20000, 0, 0, 0),
(119, 1704, 30000, 20000, 0, 0, 0),
(120, 1705, 30000, 20000, 0, 0, 0),
(121, 1706, 30000, 20000, 0, 0, 0),
(122, 1707, 30000, 20000, 0, 0, 0),
(123, 1708, 30000, 20000, 0, 0, 0),
(124, 1709, 30000, 20000, 0, 0, 0),
(125, 1771, 30000, 20000, 0, 0, 0),
(126, 1801, 30000, 20000, 0, 0, 0),
(127, 1802, 30000, 20000, 0, 0, 0),
(128, 1803, 30000, 20000, 0, 0, 0),
(129, 1804, 30000, 20000, 0, 0, 0),
(130, 1805, 30000, 20000, 0, 0, 0),
(131, 1806, 30000, 20000, 0, 0, 0),
(132, 1807, 30000, 20000, 0, 0, 0),
(133, 1808, 30000, 20000, 0, 0, 0),
(134, 1809, 30000, 20000, 0, 0, 0),
(135, 1810, 30000, 20000, 0, 0, 0),
(136, 1811, 30000, 20000, 0, 0, 0),
(137, 1812, 30000, 20000, 0, 0, 0),
(138, 1813, 30000, 20000, 0, 0, 0),
(139, 1871, 30000, 20000, 0, 0, 0),
(140, 1872, 30000, 20000, 0, 0, 0),
(141, 1901, 30000, 20000, 0, 0, 0),
(142, 1902, 30000, 20000, 0, 0, 0),
(143, 1903, 30000, 20000, 0, 0, 0),
(144, 1904, 30000, 20000, 0, 0, 0),
(145, 1905, 30000, 20000, 0, 0, 0),
(146, 1906, 30000, 20000, 0, 0, 0),
(147, 1971, 30000, 20000, 0, 0, 0),
(148, 2101, 30000, 20000, 0, 0, 0),
(149, 2102, 30000, 20000, 0, 0, 0),
(150, 2103, 30000, 20000, 0, 0, 0),
(151, 2104, 30000, 20000, 0, 0, 0),
(152, 2105, 30000, 20000, 0, 0, 0),
(153, 2171, 30000, 20000, 0, 0, 0),
(154, 2172, 30000, 20000, 0, 0, 0),
(155, 3101, 30000, 20000, 0, 0, 0),
(156, 3171, 30000, 20000, 0, 0, 0),
(157, 3172, 30000, 20000, 0, 0, 0),
(158, 3173, 30000, 20000, 0, 0, 0),
(159, 3174, 30000, 20000, 0, 0, 0),
(160, 3175, 30000, 20000, 0, 0, 0),
(161, 3201, 30000, 20000, 0, 0, 0),
(162, 3202, 30000, 20000, 0, 0, 0),
(163, 3203, 30000, 20000, 0, 0, 0),
(164, 3204, 30000, 20000, 0, 0, 0),
(165, 3205, 30000, 20000, 0, 0, 0),
(166, 3206, 30000, 20000, 0, 0, 0),
(167, 3207, 30000, 20000, 0, 0, 0),
(168, 3208, 30000, 20000, 0, 0, 0),
(169, 3209, 30000, 20000, 0, 0, 0),
(170, 3210, 30000, 20000, 0, 0, 0),
(171, 3211, 30000, 20000, 0, 0, 0),
(172, 3212, 30000, 20000, 0, 0, 0),
(173, 3213, 30000, 20000, 0, 0, 0),
(174, 3214, 30000, 20000, 0, 0, 0),
(175, 3215, 30000, 20000, 0, 0, 0),
(176, 3216, 30000, 20000, 0, 0, 0),
(177, 3217, 30000, 20000, 0, 0, 0),
(178, 3218, 30000, 20000, 0, 0, 0),
(179, 3271, 30000, 20000, 0, 0, 0),
(180, 3272, 30000, 20000, 0, 0, 0),
(181, 3273, 30000, 20000, 0, 0, 0),
(182, 3274, 30000, 20000, 0, 0, 0),
(183, 3275, 30000, 20000, 0, 0, 0),
(184, 3276, 30000, 20000, 0, 0, 0),
(185, 3277, 30000, 20000, 0, 0, 0),
(186, 3278, 30000, 20000, 0, 0, 0),
(187, 3279, 30000, 20000, 0, 0, 0),
(188, 3301, 30000, 20000, 0, 0, 0),
(189, 3302, 30000, 20000, 0, 0, 0),
(190, 3303, 30000, 20000, 0, 0, 0),
(191, 3304, 30000, 20000, 0, 0, 0),
(192, 3305, 30000, 20000, 0, 0, 0),
(193, 3306, 30000, 20000, 0, 0, 0),
(194, 3307, 30000, 20000, 0, 0, 0),
(195, 3308, 30000, 20000, 0, 0, 0),
(196, 3309, 30000, 20000, 0, 0, 0),
(197, 3310, 30000, 20000, 0, 0, 0),
(198, 3311, 30000, 20000, 0, 0, 0),
(199, 3312, 30000, 20000, 0, 0, 0),
(200, 3313, 30000, 20000, 0, 0, 0),
(201, 3314, 30000, 20000, 0, 0, 0),
(202, 3315, 30000, 20000, 0, 0, 0),
(203, 3316, 30000, 20000, 0, 0, 0),
(204, 3317, 30000, 20000, 0, 0, 0),
(205, 3318, 30000, 20000, 0, 0, 0),
(206, 3319, 30000, 20000, 0, 0, 0),
(207, 3320, 30000, 20000, 0, 0, 0),
(208, 3321, 30000, 20000, 0, 0, 0),
(209, 3322, 30000, 20000, 0, 0, 0),
(210, 3323, 30000, 20000, 0, 0, 0),
(211, 3324, 30000, 20000, 0, 0, 0),
(212, 3325, 30000, 20000, 0, 0, 0),
(213, 3326, 30000, 20000, 0, 0, 0),
(214, 3327, 30000, 20000, 0, 0, 0),
(215, 3328, 30000, 20000, 0, 0, 0),
(216, 3329, 30000, 20000, 0, 0, 0),
(217, 3371, 30000, 20000, 0, 0, 0),
(218, 3372, 30000, 20000, 0, 0, 0),
(219, 3373, 30000, 20000, 0, 0, 0),
(220, 3374, 30000, 20000, 0, 0, 0),
(221, 3375, 30000, 20000, 0, 0, 0),
(222, 3376, 30000, 20000, 0, 0, 0),
(223, 3401, 30000, 20000, 0, 0, 0),
(224, 3402, 30000, 20000, 0, 0, 0),
(225, 3403, 30000, 20000, 0, 0, 0),
(226, 3404, 30000, 20000, 0, 0, 0),
(227, 3471, 30000, 20000, 0, 0, 0),
(228, 3501, 30000, 20000, 0, 0, 0),
(229, 3502, 30000, 20000, 0, 0, 0),
(230, 3503, 30000, 20000, 0, 0, 0),
(231, 3504, 30000, 20000, 0, 0, 0),
(232, 3505, 30000, 20000, 0, 0, 0),
(233, 3506, 30000, 20000, 0, 0, 0),
(234, 3507, 30000, 20000, 0, 0, 0),
(235, 3508, 30000, 20000, 0, 0, 0),
(236, 3509, 30000, 20000, 0, 0, 0),
(237, 3510, 30000, 20000, 0, 0, 0),
(238, 3511, 30000, 20000, 0, 0, 0),
(239, 3512, 30000, 20000, 0, 0, 0),
(240, 3513, 30000, 20000, 0, 0, 0),
(241, 3514, 30000, 20000, 0, 0, 0),
(242, 3515, 30000, 20000, 0, 0, 0),
(243, 3516, 30000, 20000, 0, 0, 0),
(244, 3517, 30000, 20000, 0, 0, 0),
(245, 3518, 30000, 20000, 0, 0, 0),
(246, 3519, 30000, 20000, 0, 0, 0),
(247, 3520, 30000, 20000, 0, 0, 0),
(248, 3521, 30000, 20000, 0, 0, 0),
(249, 3522, 30000, 20000, 0, 0, 0),
(250, 3523, 30000, 20000, 0, 0, 0),
(251, 3524, 30000, 20000, 0, 0, 0),
(252, 3525, 30000, 20000, 0, 0, 0),
(253, 3526, 30000, 20000, 0, 0, 0),
(254, 3527, 30000, 20000, 0, 0, 0),
(255, 3528, 30000, 20000, 0, 0, 0),
(256, 3529, 30000, 20000, 0, 0, 0),
(257, 3571, 30000, 20000, 0, 0, 0),
(258, 3572, 30000, 20000, 0, 0, 0),
(259, 3573, 30000, 20000, 0, 0, 0),
(260, 3574, 30000, 20000, 0, 0, 0),
(261, 3575, 30000, 20000, 0, 0, 0),
(262, 3576, 30000, 20000, 0, 0, 0),
(263, 3577, 30000, 20000, 0, 0, 0),
(264, 3578, 30000, 20000, 0, 0, 0),
(265, 3579, 30000, 20000, 0, 0, 0),
(266, 3601, 30000, 20000, 0, 0, 0),
(267, 3602, 30000, 20000, 0, 0, 0),
(268, 3603, 30000, 20000, 0, 0, 0),
(269, 3604, 30000, 20000, 0, 0, 0),
(270, 3671, 30000, 20000, 0, 0, 0),
(271, 3672, 30000, 20000, 0, 0, 0),
(272, 3673, 30000, 20000, 0, 0, 0),
(273, 3674, 30000, 20000, 0, 0, 0),
(274, 5101, 30000, 20000, 0, 0, 0),
(275, 5102, 30000, 20000, 0, 0, 0),
(276, 5103, 30000, 20000, 0, 0, 0),
(277, 5104, 30000, 20000, 0, 0, 0),
(278, 5105, 30000, 20000, 0, 0, 0),
(279, 5106, 30000, 20000, 0, 0, 0),
(280, 5107, 30000, 20000, 0, 0, 0),
(281, 5108, 30000, 20000, 0, 0, 0),
(282, 5171, 30000, 20000, 0, 0, 0),
(283, 5201, 30000, 20000, 0, 0, 0),
(284, 5202, 30000, 20000, 0, 0, 0),
(285, 5203, 30000, 20000, 0, 0, 0),
(286, 5204, 30000, 20000, 0, 0, 0),
(287, 5205, 30000, 20000, 0, 0, 0),
(288, 5206, 30000, 20000, 0, 0, 0),
(289, 5207, 30000, 20000, 0, 0, 0),
(290, 5208, 30000, 20000, 0, 0, 0),
(291, 5271, 30000, 20000, 0, 0, 0),
(292, 5272, 30000, 20000, 0, 0, 0),
(293, 5301, 30000, 20000, 0, 0, 0),
(294, 5302, 30000, 20000, 0, 0, 0),
(295, 5303, 30000, 20000, 0, 0, 0),
(296, 5304, 30000, 20000, 0, 0, 0),
(297, 5305, 30000, 20000, 0, 0, 0),
(298, 5306, 30000, 20000, 0, 0, 0),
(299, 5307, 30000, 20000, 0, 0, 0),
(300, 5308, 30000, 20000, 0, 0, 0),
(301, 5309, 30000, 20000, 0, 0, 0),
(302, 5310, 30000, 20000, 0, 0, 0),
(303, 5311, 30000, 20000, 0, 0, 0),
(304, 5312, 30000, 20000, 0, 0, 0),
(305, 5313, 30000, 20000, 0, 0, 0),
(306, 5314, 30000, 20000, 0, 0, 0),
(307, 5315, 30000, 20000, 0, 0, 0),
(308, 5316, 30000, 20000, 0, 0, 0),
(309, 5317, 30000, 20000, 0, 0, 0),
(310, 5318, 30000, 20000, 0, 0, 0),
(311, 5319, 30000, 20000, 0, 0, 0),
(312, 5320, 30000, 20000, 0, 0, 0),
(313, 5321, 30000, 20000, 0, 0, 0),
(314, 5371, 30000, 20000, 0, 0, 0),
(315, 6101, 30000, 20000, 0, 0, 0),
(316, 6102, 30000, 20000, 0, 0, 0),
(317, 6103, 30000, 20000, 0, 0, 0),
(318, 6104, 30000, 20000, 0, 0, 0),
(319, 6105, 30000, 20000, 0, 0, 0),
(320, 6106, 30000, 20000, 0, 0, 0),
(321, 6107, 30000, 20000, 0, 0, 0),
(322, 6108, 30000, 20000, 0, 0, 0),
(323, 6109, 30000, 20000, 0, 0, 0),
(324, 6110, 30000, 20000, 0, 0, 0),
(325, 6111, 30000, 20000, 0, 0, 0),
(326, 6112, 30000, 20000, 0, 0, 0),
(327, 6171, 30000, 20000, 0, 0, 0),
(328, 6172, 30000, 20000, 0, 0, 0),
(329, 6201, 30000, 20000, 0, 0, 0),
(330, 6202, 30000, 20000, 0, 0, 0),
(331, 6203, 30000, 20000, 0, 0, 0),
(332, 6204, 30000, 20000, 0, 0, 0),
(333, 6205, 30000, 20000, 0, 0, 0),
(334, 6206, 30000, 20000, 0, 0, 0),
(335, 6207, 30000, 20000, 0, 0, 0),
(336, 6208, 30000, 20000, 0, 0, 0),
(337, 6209, 30000, 20000, 0, 0, 0),
(338, 6210, 30000, 20000, 0, 0, 0),
(339, 6211, 30000, 20000, 0, 0, 0),
(340, 6212, 30000, 20000, 0, 0, 0),
(341, 6213, 30000, 20000, 0, 0, 0),
(342, 6271, 30000, 20000, 0, 0, 0),
(343, 6301, 30000, 20000, 0, 0, 0),
(344, 6302, 30000, 20000, 0, 0, 0),
(345, 6303, 30000, 20000, 0, 0, 0),
(346, 6304, 30000, 20000, 0, 0, 0),
(347, 6305, 30000, 20000, 0, 0, 0),
(348, 6306, 30000, 20000, 0, 0, 0),
(349, 6307, 30000, 20000, 0, 0, 0),
(350, 6308, 30000, 20000, 0, 0, 0),
(351, 6309, 30000, 20000, 0, 0, 0),
(352, 6310, 30000, 20000, 0, 0, 0),
(353, 6311, 30000, 20000, 0, 0, 0),
(354, 6371, 30000, 20000, 0, 0, 0),
(355, 6372, 30000, 20000, 0, 0, 0),
(356, 6401, 30000, 20000, 0, 0, 0),
(357, 6402, 30000, 20000, 0, 0, 0),
(358, 6403, 30000, 20000, 0, 0, 0),
(359, 6404, 30000, 20000, 0, 0, 0),
(360, 6405, 30000, 20000, 0, 0, 0),
(361, 6409, 30000, 20000, 0, 0, 0),
(362, 6411, 30000, 20000, 0, 0, 0),
(363, 6471, 30000, 20000, 0, 0, 0),
(364, 6472, 30000, 20000, 0, 0, 0),
(365, 6474, 30000, 20000, 0, 0, 0),
(366, 6501, 30000, 20000, 0, 0, 0),
(367, 6502, 30000, 20000, 0, 0, 0),
(368, 6503, 30000, 20000, 0, 0, 0),
(369, 6504, 30000, 20000, 0, 0, 0),
(370, 6571, 30000, 20000, 0, 0, 0),
(371, 7101, 30000, 20000, 0, 0, 0),
(372, 7102, 30000, 20000, 0, 0, 0),
(373, 7103, 30000, 20000, 0, 0, 0),
(374, 7104, 30000, 20000, 0, 0, 0),
(375, 7105, 30000, 20000, 0, 0, 0),
(376, 7106, 30000, 20000, 0, 0, 0),
(377, 7107, 30000, 20000, 0, 0, 0),
(378, 7108, 30000, 20000, 0, 0, 0),
(379, 7109, 30000, 20000, 0, 0, 0),
(380, 7110, 30000, 20000, 0, 0, 0),
(381, 7111, 30000, 20000, 0, 0, 0),
(382, 7171, 30000, 20000, 0, 0, 0),
(383, 7172, 30000, 20000, 0, 0, 0),
(384, 7173, 30000, 20000, 0, 0, 0),
(385, 7174, 30000, 20000, 0, 0, 0),
(386, 7201, 30000, 20000, 0, 0, 0),
(387, 7202, 30000, 20000, 0, 0, 0),
(388, 7203, 30000, 20000, 0, 0, 0),
(389, 7204, 30000, 20000, 0, 0, 0),
(390, 7205, 30000, 20000, 0, 0, 0),
(391, 7206, 30000, 20000, 0, 0, 0),
(392, 7207, 30000, 20000, 0, 0, 0),
(393, 7208, 30000, 20000, 0, 0, 0),
(394, 7209, 30000, 20000, 0, 0, 0),
(395, 7210, 30000, 20000, 0, 0, 0),
(396, 7211, 30000, 20000, 0, 0, 0),
(397, 7212, 30000, 20000, 0, 0, 0),
(398, 7271, 30000, 20000, 0, 0, 0),
(399, 7301, 30000, 20000, 0, 0, 0),
(400, 7302, 30000, 20000, 0, 0, 0),
(401, 7303, 30000, 20000, 0, 0, 0),
(402, 7304, 30000, 20000, 0, 0, 0),
(403, 7305, 30000, 20000, 0, 0, 0),
(404, 7306, 30000, 20000, 0, 0, 0),
(405, 7307, 30000, 20000, 0, 0, 0),
(406, 7308, 30000, 20000, 0, 0, 0),
(407, 7309, 30000, 20000, 0, 0, 0),
(408, 7310, 30000, 20000, 0, 0, 0),
(409, 7311, 30000, 20000, 0, 0, 0),
(410, 7312, 30000, 20000, 0, 0, 0),
(411, 7313, 30000, 20000, 0, 0, 0),
(412, 7314, 30000, 20000, 0, 0, 0),
(413, 7315, 30000, 20000, 0, 0, 0),
(414, 7316, 30000, 20000, 0, 0, 0),
(415, 7317, 30000, 20000, 0, 0, 0),
(416, 7318, 30000, 20000, 0, 0, 0),
(417, 7322, 30000, 20000, 0, 0, 0),
(418, 7325, 30000, 20000, 0, 0, 0),
(419, 7326, 30000, 20000, 0, 0, 0),
(420, 7371, 30000, 20000, 0, 0, 0),
(421, 7372, 30000, 20000, 0, 0, 0),
(422, 7373, 30000, 20000, 0, 0, 0),
(423, 7401, 30000, 20000, 0, 0, 0),
(424, 7402, 30000, 20000, 0, 0, 0),
(425, 7403, 30000, 20000, 0, 0, 0),
(426, 7404, 30000, 20000, 0, 0, 0),
(427, 7405, 30000, 20000, 0, 0, 0),
(428, 7406, 30000, 20000, 0, 0, 0),
(429, 7407, 30000, 20000, 0, 0, 0),
(430, 7408, 30000, 20000, 0, 0, 0),
(431, 7409, 30000, 20000, 0, 0, 0),
(432, 7410, 30000, 20000, 0, 0, 0),
(433, 7411, 30000, 20000, 0, 0, 0),
(434, 7412, 30000, 20000, 0, 0, 0),
(435, 7413, 30000, 20000, 0, 0, 0),
(436, 7414, 30000, 20000, 0, 0, 0),
(437, 7415, 30000, 20000, 0, 0, 0),
(438, 7471, 30000, 20000, 0, 0, 0),
(439, 7472, 30000, 20000, 0, 0, 0),
(440, 7501, 30000, 20000, 0, 0, 0),
(441, 7502, 30000, 20000, 0, 0, 0),
(442, 7503, 30000, 20000, 0, 0, 0),
(443, 7504, 30000, 20000, 0, 0, 0),
(444, 7505, 30000, 20000, 0, 0, 0),
(445, 7571, 30000, 20000, 0, 0, 0),
(446, 7601, 30000, 20000, 0, 0, 0),
(447, 7602, 30000, 20000, 0, 0, 0),
(448, 7603, 30000, 20000, 0, 0, 0),
(449, 7604, 30000, 20000, 0, 0, 0),
(450, 7605, 30000, 20000, 0, 0, 0),
(451, 7606, 30000, 20000, 0, 0, 0),
(452, 8101, 30000, 20000, 0, 0, 0),
(453, 8102, 30000, 20000, 0, 0, 0),
(454, 8103, 30000, 20000, 0, 0, 0),
(455, 8104, 30000, 20000, 0, 0, 0),
(456, 8105, 30000, 20000, 0, 0, 0),
(457, 8106, 30000, 20000, 0, 0, 0),
(458, 8107, 30000, 20000, 0, 0, 0),
(459, 8108, 30000, 20000, 0, 0, 0),
(460, 8109, 30000, 20000, 0, 0, 0),
(461, 8171, 30000, 20000, 0, 0, 0),
(462, 8172, 30000, 20000, 0, 0, 0),
(463, 8201, 30000, 20000, 0, 0, 0),
(464, 8202, 30000, 20000, 0, 0, 0),
(465, 8203, 30000, 20000, 0, 0, 0),
(466, 8204, 30000, 20000, 0, 0, 0),
(467, 8205, 30000, 20000, 0, 0, 0),
(468, 8206, 30000, 20000, 0, 0, 0),
(469, 8207, 30000, 20000, 0, 0, 0),
(470, 8208, 30000, 20000, 0, 0, 0),
(471, 8271, 30000, 20000, 0, 0, 0),
(472, 8272, 30000, 20000, 0, 0, 0),
(473, 9101, 30000, 20000, 0, 0, 0),
(474, 9102, 30000, 20000, 0, 0, 0),
(475, 9103, 30000, 20000, 0, 0, 0),
(476, 9104, 30000, 20000, 0, 0, 0),
(477, 9105, 30000, 20000, 0, 0, 0),
(478, 9106, 30000, 20000, 0, 0, 0),
(479, 9107, 30000, 20000, 0, 0, 0),
(480, 9108, 30000, 20000, 0, 0, 0),
(481, 9109, 30000, 20000, 0, 0, 0),
(482, 9110, 30000, 20000, 0, 0, 0),
(483, 9111, 30000, 20000, 0, 0, 0),
(484, 9112, 30000, 20000, 0, 0, 0),
(485, 9171, 30000, 20000, 0, 0, 0),
(486, 9401, 30000, 20000, 0, 0, 0),
(487, 9402, 30000, 20000, 0, 0, 0),
(488, 9403, 30000, 20000, 0, 0, 0),
(489, 9404, 30000, 20000, 0, 0, 0),
(490, 9408, 30000, 20000, 0, 0, 0),
(491, 9409, 30000, 20000, 0, 0, 0),
(492, 9410, 30000, 20000, 0, 0, 0),
(493, 9411, 30000, 20000, 0, 0, 0),
(494, 9412, 30000, 20000, 0, 0, 0),
(495, 9413, 30000, 20000, 0, 0, 0),
(496, 9414, 30000, 20000, 0, 0, 0),
(497, 9415, 30000, 20000, 0, 0, 0),
(498, 9416, 30000, 20000, 0, 0, 0),
(499, 9417, 30000, 20000, 0, 0, 0),
(500, 9418, 30000, 20000, 0, 0, 0),
(501, 9419, 30000, 20000, 0, 0, 0),
(502, 9420, 30000, 20000, 0, 0, 0),
(503, 9426, 30000, 20000, 0, 0, 0),
(504, 9427, 30000, 20000, 0, 0, 0),
(505, 9428, 30000, 20000, 0, 0, 0),
(506, 9429, 30000, 20000, 0, 0, 0),
(507, 9430, 30000, 20000, 0, 0, 0),
(508, 9431, 30000, 20000, 0, 0, 0),
(509, 9432, 30000, 20000, 0, 0, 0),
(510, 9433, 30000, 20000, 0, 0, 0),
(511, 9434, 30000, 20000, 0, 0, 0),
(512, 9435, 30000, 20000, 0, 0, 0);

-- --------------------------------------------------------

--
-- Table structure for table `mst_province`
--

CREATE TABLE `mst_province` (
  `id` int(11) NOT NULL,
  `province` varchar(255) DEFAULT NULL
) ENGINE=InnoDB DEFAULT CHARSET=latin1;

--
-- Dumping data for table `mst_province`
--

INSERT INTO `mst_province` (`id`, `province`) VALUES
(11, 'ACEH'),
(12, 'SUMATERA UTARA'),
(13, 'SUMATERA BARAT'),
(14, 'RIAU'),
(15, 'JAMBI'),
(16, 'SUMATERA SELATAN'),
(17, 'BENGKULU'),
(18, 'LAMPUNG'),
(19, 'KEPULAUAN BANGKA BELITUNG'),
(21, 'KEPULAUAN RIAU'),
(31, 'DKI JAKARTA'),
(32, 'JAWA BARAT'),
(33, 'JAWA TENGAH'),
(34, 'DI YOGYAKARTA'),
(35, 'JAWA TIMUR'),
(36, 'BANTEN'),
(51, 'BALI'),
(52, 'NUSA TENGGARA BARAT'),
(53, 'NUSA TENGGARA TIMUR'),
(61, 'KALIMANTAN BARAT'),
(62, 'KALIMANTAN TENGAH'),
(63, 'KALIMANTAN SELATAN'),
(64, 'KALIMANTAN TIMUR'),
(65, 'KALIMANTAN UTARA'),
(71, 'SULAWESI UTARA'),
(72, 'SULAWESI TENGAH'),
(73, 'SULAWESI SELATAN'),
(74, 'SULAWESI TENGGARA'),
(75, 'GORONTALO'),
(76, 'SULAWESI BARAT'),
(81, 'MALUKU'),
(82, 'MALUKU UTARA'),
(91, 'PAPUA BARAT'),
(94, 'PAPUA');

-- --------------------------------------------------------

--
-- Table structure for table `mst_transfer`
--

CREATE TABLE `mst_transfer` (
  `id` int(11) UNSIGNED NOT NULL,
  `bank` varchar(200) DEFAULT NULL,
  `name` varchar(200) DEFAULT NULL,
  `number` varchar(200) DEFAULT NULL,
  `created_date` timestamp NULL DEFAULT CURRENT_TIMESTAMP
) ENGINE=InnoDB DEFAULT CHARSET=latin1;

--
-- Dumping data for table `mst_transfer`
--

INSERT INTO `mst_transfer` (`id`, `bank`, `name`, `number`, `created_date`) VALUES
(1, 'MANDIRI', 'PT WE SHOP ID', '171778792', '2019-01-01 15:07:53'),
(2, 'BNI', 'PT WE SHOP ID', '887383283', '2019-01-01 15:08:24'),
(3, 'BCA', 'MR Nugraha', '8837290', '2019-01-01 15:08:43');

-- --------------------------------------------------------

--
-- Table structure for table `orders`
--

CREATE TABLE `orders` (
  `id` int(11) NOT NULL,
  `cust_f_name` varchar(255) DEFAULT NULL,
  `cust_l_name` varchar(255) DEFAULT NULL,
  `cust_email` varchar(255) DEFAULT NULL,
  `cust_address` text,
  `cust_province` varchar(255) DEFAULT NULL,
  `cust_city` varchar(255) DEFAULT NULL,
  `cust_zip` varchar(255) DEFAULT NULL,
  `cust_phone` varchar(255) DEFAULT NULL,
  `cust_shipping` varchar(255) DEFAULT NULL,
  `payment` varchar(255) DEFAULT NULL,
  `payment_detail` varchar(255) DEFAULT NULL,
  `prd_id` int(11) DEFAULT NULL,
  `prd_title` varchar(255) DEFAULT NULL,
  `prd_description` varchar(255) DEFAULT NULL,
  `prd_description2` varchar(255) DEFAULT NULL,
  `prd_image` varchar(255) DEFAULT NULL,
  `prd_price_tag` varchar(255) DEFAULT NULL,
  `prd_price` float(10,2) DEFAULT NULL,
  `prd_shipment` float(10,2) DEFAULT NULL,
  `prd_coupon` float(10,2) DEFAULT NULL,
  `prd_coupon_code` varchar(255) DEFAULT NULL,
  `prd_total` float(255,0) DEFAULT NULL,
  `time_order` timestamp NULL DEFAULT CURRENT_TIMESTAMP
) ENGINE=InnoDB DEFAULT CHARSET=latin1;

-- --------------------------------------------------------

--
-- Table structure for table `section_about`
--

CREATE TABLE `section_about` (
  `id` int(11) NOT NULL,
  `title` varchar(200) COLLATE utf8_unicode_ci NOT NULL,
  `description` text COLLATE utf8_unicode_ci NOT NULL,
  `jargon` varchar(200) COLLATE utf8_unicode_ci NOT NULL,
  `image` varchar(200) COLLATE utf8_unicode_ci NOT NULL,
  `image_position` enum('left','right') COLLATE utf8_unicode_ci NOT NULL DEFAULT 'right',
  `button_text` varchar(200) COLLATE utf8_unicode_ci NOT NULL DEFAULT '',
  `button_link` varchar(200) COLLATE utf8_unicode_ci NOT NULL DEFAULT '#',
  `date_created` timestamp NOT NULL DEFAULT CURRENT_TIMESTAMP
) ENGINE=InnoDB DEFAULT CHARSET=utf8 COLLATE=utf8_unicode_ci;

--
-- Dumping data for table `section_about`
--

INSERT INTO `section_about` (`id`, `title`, `description`, `jargon`, `image`, `image_position`, `button_text`, `button_link`, `date_created`) VALUES
(1, 'About The Product edit', 'Cupiditate non numquam eius modi tempora incidunt, ut aliquid ex ea voluptate. Porro quisquam est, omnis iste natus. Ipsam voluptatem, quia dolor repellendus earum rerum necessitatibus saepe eveniet, ut. Nemo enim ad minima veniam. Ea voluptate velit esse, quam nihil molestiae. Architecto beatae vitae dicta sunt. edit', 'Be Acctive', '2ef96283a319e154b9ef0f8f50f30406.jpg', 'right', 'asd edit', '#edit', '2018-12-20 01:42:40');

-- --------------------------------------------------------

--
-- Table structure for table `section_buy`
--

CREATE TABLE `section_buy` (
  `id` int(11) NOT NULL,
  `title` varchar(255) DEFAULT NULL,
  `button_text` varchar(255) DEFAULT NULL,
  `button_link` varchar(255) DEFAULT NULL
) ENGINE=InnoDB DEFAULT CHARSET=latin1;

--
-- Dumping data for table `section_buy`
--

INSERT INTO `section_buy` (`id`, `title`, `button_text`, `button_link`) VALUES
(1, 'BUY THIS GREAT TEMPLATE TODAY edit', 'BUY NOW edit', '# edit');

-- --------------------------------------------------------

--
-- Table structure for table `section_download`
--

CREATE TABLE `section_download` (
  `id` int(11) NOT NULL,
  `title1` varchar(255) DEFAULT NULL,
  `title2` varchar(255) DEFAULT NULL,
  `title3` varchar(255) DEFAULT NULL,
  `description` text,
  `image_bg` varchar(255) DEFAULT NULL,
  `image` varchar(255) DEFAULT NULL,
  `link_apple` varchar(255) DEFAULT NULL,
  `image_apple` varchar(255) DEFAULT NULL,
  `link_android` varchar(255) DEFAULT NULL,
  `image_android` varchar(255) DEFAULT NULL
) ENGINE=InnoDB DEFAULT CHARSET=latin1;

--
-- Dumping data for table `section_download`
--

INSERT INTO `section_download` (`id`, `title1`, `title2`, `title3`, `description`, `image_bg`, `image`, `link_apple`, `image_apple`, `link_android`, `image_android`) VALUES
(1, 'DOWNLOAD edit', 'AWESOME edit', 'APP edit', 'Alias consequatur aut rerum hic tenetur a sapiente delectus. Sunt, explicabo laboriosam, nisi ut perspiciatis, unde omnis dolor sit, amet consectetur. edit', 'aac39234d9a1656c381426f8e40cb554.jpg', '1c9bd08f27c1588b0f0b9fdc16ad6594.png', '# edit', 'btn-apple.png', '# edit', 'btn-google.png');

-- --------------------------------------------------------

--
-- Table structure for table `section_faq`
--

CREATE TABLE `section_faq` (
  `id` int(11) NOT NULL,
  `title` varchar(255) DEFAULT NULL,
  `description` text,
  `date_created` timestamp NULL DEFAULT CURRENT_TIMESTAMP
) ENGINE=InnoDB DEFAULT CHARSET=latin1;

--
-- Dumping data for table `section_faq`
--

INSERT INTO `section_faq` (`id`, `title`, `description`, `date_created`) VALUES
(1, 'FAQ', 'Iusto odio dignissimos ducimus, qui explicabo minima veniam dolorem. Nihil impedit, quo voluptas assumenda est, qui ratione voluptatem sequi nesciunt esse neque cumque nihil molestiae.\r\n\r\n', '2018-12-20 07:34:29'),
(2, NULL, NULL, '2018-12-23 13:49:13'),
(3, NULL, NULL, '2018-12-23 13:50:19');

-- --------------------------------------------------------

--
-- Table structure for table `section_faq_items`
--

CREATE TABLE `section_faq_items` (
  `id` int(11) NOT NULL,
  `sfaq_id` int(11) DEFAULT NULL,
  `title` varchar(255) DEFAULT NULL,
  `description` text
) ENGINE=InnoDB DEFAULT CHARSET=latin1;

--
-- Dumping data for table `section_faq_items`
--

INSERT INTO `section_faq_items` (`id`, `sfaq_id`, `title`, `description`) VALUES
(1, 1, 'Getting Started', 'spernatur aut rerum facilis est eligendi optio, cumque nihil molestiae. Nobis est eligendi optio, cumque nihil molestiae. Ea voluptate velit esse, quam nihil impedit, quo minus id, quod maxime. Vitae dicta sunt, explicabo minima veniam, quis nostrum exercitationem.'),
(2, 1, 'How To Set Up The Gadget?', 'Non numquam eius modi tempora incidunt, ut enim ipsam explicabo voluptatem, quia dolor. Aut officiis debitis aut quis officiis debitis. Cupiditate non provident, similique nostrum cumque nihil eligendi optio sunt in culpa, qui laudantium, totam rem aperiam.'),
(3, 1, 'How To Use', 'Aspernatur aut rerum facilis est eligendi optio, cumque nihil molestiae. Nobis est eligendi optio, cumque nihil molestiae. Ea voluptate velit esse, quam nihil impedit, quo minus id, quod maxime. Vitae dicta sunt, explicabo minima veniam, quis nostrum.');

-- --------------------------------------------------------

--
-- Table structure for table `section_features`
--

CREATE TABLE `section_features` (
  `id` int(11) NOT NULL,
  `title` varchar(200) COLLATE utf8_unicode_ci NOT NULL,
  `description` text COLLATE utf8_unicode_ci NOT NULL,
  `image` varchar(200) COLLATE utf8_unicode_ci NOT NULL,
  `image_position` enum('left','right','mid') COLLATE utf8_unicode_ci NOT NULL,
  `date_created` timestamp NOT NULL DEFAULT CURRENT_TIMESTAMP ON UPDATE CURRENT_TIMESTAMP
) ENGINE=InnoDB DEFAULT CHARSET=utf8 COLLATE=utf8_unicode_ci;

--
-- Dumping data for table `section_features`
--

INSERT INTO `section_features` (`id`, `title`, `description`, `image`, `image_position`, `date_created`) VALUES
(1, 'FEATURES 1 edit', 'Harum quidem rerum necessitatibus saepe eveniet, ut aliquid ex ea voluptate velit voluptatem accusantium doloremque laudantium doloribus asperiores repellat iusto odio dignissimos. edit', '324e5ba68ddbcae8d8752da24ddc61d5.png', 'right', '2018-12-25 10:20:38');

-- --------------------------------------------------------

--
-- Table structure for table `section_features_items`
--

CREATE TABLE `section_features_items` (
  `id` int(11) NOT NULL,
  `sf_id` int(11) NOT NULL,
  `title` varchar(200) COLLATE utf8_unicode_ci NOT NULL,
  `description` varchar(200) COLLATE utf8_unicode_ci NOT NULL,
  `icon` varchar(200) COLLATE utf8_unicode_ci NOT NULL
) ENGINE=InnoDB DEFAULT CHARSET=utf8 COLLATE=utf8_unicode_ci;

--
-- Dumping data for table `section_features_items`
--

INSERT INTO `section_features_items` (`id`, `sf_id`, `title`, `description`, `icon`) VALUES
(1, 1, 'icon-diamond', 'Dolor sit, aspernatur cum soluta nobis est aut reiciendis aut est quaerat voluptatem.', 'icon-diamond'),
(2, 1, 'icon-diamond', 'Dolor sit, aspernatur cum soluta nobis est aut reiciendis aut est quaerat voluptatem.', 'icon-diamond'),
(3, 1, 'ECO-FRIENDLY', 'Dolor sit, aspernatur cum soluta nobis est aut reiciendis aut est quaerat voluptatem.', 'icon-diamond'),
(4, 1, 'ECO-FRIENDLY', 'Dolor sit, aspernatur cum soluta nobis est aut reiciendis aut est quaerat voluptatem.', 'icon-diamond'),
(5, 1, 'ECO-FRIENDLY', 'Dolor sit, aspernatur cum soluta nobis est aut reiciendis aut est quaerat voluptatem.', 'icon-diamond'),
(6, 1, 'ECO-FRIENDLY', 'Dolor sit, aspernatur cum soluta nobis est aut reiciendis aut est quaerat voluptatem.', 'icon-diamond'),
(8, 1, 'tes', 'halo', 'icon-settings');

-- --------------------------------------------------------

--
-- Table structure for table `section_footer`
--

CREATE TABLE `section_footer` (
  `id` int(11) NOT NULL,
  `l_title` varchar(255) DEFAULT NULL,
  `l_description` varchar(255) DEFAULT NULL,
  `l_bottom_text` varchar(255) DEFAULT NULL,
  `r_title` varchar(255) DEFAULT NULL,
  `r_description` varchar(255) DEFAULT NULL,
  `r_phone` varchar(255) DEFAULT NULL,
  `r_email` varchar(255) DEFAULT NULL,
  `r_address` varchar(255) DEFAULT NULL,
  `r_image` varchar(255) DEFAULT NULL,
  `date_created` timestamp NULL DEFAULT CURRENT_TIMESTAMP
) ENGINE=InnoDB DEFAULT CHARSET=latin1;

--
-- Dumping data for table `section_footer`
--

INSERT INTO `section_footer` (`id`, `l_title`, `l_description`, `l_bottom_text`, `r_title`, `r_description`, `r_phone`, `r_email`, `r_address`, `r_image`, `date_created`) VALUES
(1, 'Olli.Olli. edit', 'Nobis est eligendi optio, cumque nihil molestiae. Ea voluptate velit aliquid ex ea voluptate velit voluptatem accusantium doloremque laudantium esse, quam nihil impedit, quo minus id, quod maxime. edit', 'Olli - Single Product Landing Page. All rights reserved. edit', 'GET IN TOUCH edit', 'If you have any questions or suggestions, please contact us, or you can come to visit us in our cozy office. edit', '(+11) 123-555-4567 2', 'mail@example.com edit', '1465 Mountain St, CA 91104, USA edit', 'footer.jpg', '2018-12-21 17:03:43'),
(2, NULL, NULL, NULL, NULL, NULL, NULL, NULL, NULL, NULL, '2018-12-23 13:50:48'),
(3, NULL, NULL, NULL, NULL, NULL, NULL, NULL, NULL, NULL, '2018-12-23 16:21:13'),
(4, NULL, NULL, NULL, NULL, NULL, NULL, NULL, NULL, NULL, '2018-12-23 16:21:20'),
(5, NULL, NULL, NULL, NULL, NULL, NULL, NULL, NULL, NULL, '2018-12-25 17:48:41'),
(6, NULL, NULL, NULL, NULL, NULL, NULL, NULL, NULL, NULL, '2018-12-25 17:50:02'),
(7, NULL, NULL, NULL, NULL, NULL, NULL, NULL, NULL, NULL, '2018-12-25 17:50:33'),
(8, NULL, NULL, NULL, NULL, NULL, NULL, NULL, NULL, NULL, '2018-12-25 17:50:45'),
(9, NULL, NULL, NULL, NULL, NULL, NULL, NULL, NULL, NULL, '2018-12-25 17:52:42'),
(10, NULL, NULL, NULL, NULL, NULL, NULL, NULL, NULL, NULL, '2018-12-25 17:54:05'),
(11, NULL, NULL, NULL, NULL, NULL, NULL, NULL, NULL, NULL, '2018-12-25 17:55:03'),
(12, 'asdklas', 'alksjd', 'alskdjlsakjdas', 'alksjd', 'laskjdlsajd', '98798s', 'aslkdjas', 'aslkdj', '1b633bb5cd2511cd9f40001c35d96c5e.jpg', '2018-12-25 17:58:56'),
(13, 'kjlsakdj', 'lksajd', 'lsakdlaskjd', 'lksjad', 'laslkjdlaskjd', '832794832', 'laskjd', '3294783298', 'ed922646f27bb012be77fbfde8f75dbb.jpg', '2018-12-25 18:03:14');

-- --------------------------------------------------------

--
-- Table structure for table `section_footer_links`
--

CREATE TABLE `section_footer_links` (
  `id` int(11) NOT NULL,
  `sfoot_id` int(11) DEFAULT NULL,
  `title` varchar(255) DEFAULT NULL,
  `link` varchar(255) DEFAULT NULL
) ENGINE=InnoDB DEFAULT CHARSET=latin1;

--
-- Dumping data for table `section_footer_links`
--

INSERT INTO `section_footer_links` (`id`, `sfoot_id`, `title`, `link`) VALUES
(1, 1, 'Privacy ', '#'),
(2, 1, ' Terms of Use', '#'),
(3, 1, 'Security', '#');

-- --------------------------------------------------------

--
-- Table structure for table `section_footer_social`
--

CREATE TABLE `section_footer_social` (
  `id` int(11) NOT NULL,
  `sfoot_id` int(11) DEFAULT NULL,
  `link` varchar(255) DEFAULT NULL,
  `facebook` varchar(100) NOT NULL DEFAULT '',
  `twitter` varchar(100) NOT NULL DEFAULT '',
  `google` varchar(100) NOT NULL DEFAULT '',
  `instagram` varchar(100) NOT NULL DEFAULT '',
  `behance` varchar(100) NOT NULL DEFAULT '',
  `dribbble` varchar(100) NOT NULL DEFAULT '',
  `linkedin` varchar(100) NOT NULL DEFAULT ''
) ENGINE=InnoDB DEFAULT CHARSET=latin1;

--
-- Dumping data for table `section_footer_social`
--

INSERT INTO `section_footer_social` (`id`, `sfoot_id`, `link`, `facebook`, `twitter`, `google`, `instagram`, `behance`, `dribbble`, `linkedin`) VALUES
(1, 1, 'asdsad', 'asdsad edit', 'sadsa edit', 'sadsadsadsad edit', 'edit', 'tes', '', ''),
(3, 10, NULL, '', '', '', '', '', '', ''),
(4, 11, NULL, 'asdasdas', '', '', '', '', '', ''),
(5, 12, NULL, '', '', '', '', '', '', ''),
(6, 13, NULL, 'sakdjaslkd', 'lkasjdasd', '', '', 'asdklasjdk', 'alskdjasd', '');

-- --------------------------------------------------------

--
-- Table structure for table `section_gallery`
--

CREATE TABLE `section_gallery` (
  `id` int(11) NOT NULL,
  `title` varchar(255) NOT NULL DEFAULT '',
  `description` text NOT NULL,
  `list` text NOT NULL,
  `jargon` varchar(255) NOT NULL DEFAULT '',
  `date_created` timestamp NOT NULL DEFAULT CURRENT_TIMESTAMP
) ENGINE=InnoDB DEFAULT CHARSET=latin1;

--
-- Dumping data for table `section_gallery`
--

INSERT INTO `section_gallery` (`id`, `title`, `description`, `list`, `jargon`, `date_created`) VALUES
(1, 'gallery first edit', 'asjdsa salkdj sakdsa edit', 'satu|dua|tiga|empat', 'be pro', '2018-12-26 02:09:10');

-- --------------------------------------------------------

--
-- Table structure for table `section_gallery_items`
--

CREATE TABLE `section_gallery_items` (
  `id` int(11) NOT NULL,
  `sgal_id` int(11) NOT NULL,
  `title` varchar(255) NOT NULL DEFAULT '',
  `title_secondary` varchar(255) NOT NULL DEFAULT '',
  `description` text NOT NULL,
  `image` varchar(255) NOT NULL DEFAULT ''
) ENGINE=InnoDB DEFAULT CHARSET=latin1;

--
-- Dumping data for table `section_gallery_items`
--

INSERT INTO `section_gallery_items` (`id`, `sgal_id`, `title`, `title_secondary`, `description`, `image`) VALUES
(1, 1, 'coba', 'asdad', 'asd asda asdasd', '6d8d33701c8a489043478dfcd9c8f5a0.jpg'),
(3, 1, 'tes', 'salkdj', 'aslkjd asdjas,dnlaskdj', 'ecbec227e1b8d62d24eb9d478e20c249.jpg'),
(4, 1, 'asda', 'aksd sa;ld aslkd', ';alskd a;sldkasdad', '23ed679b2d182d625900af4dabeb3857.jpg');

-- --------------------------------------------------------

--
-- Table structure for table `section_header`
--

CREATE TABLE `section_header` (
  `id` int(11) NOT NULL,
  `title_first` mediumtext COLLATE utf8_unicode_ci NOT NULL,
  `title_highlight` varchar(200) COLLATE utf8_unicode_ci NOT NULL,
  `title_last` varchar(200) COLLATE utf8_unicode_ci NOT NULL,
  `description` text COLLATE utf8_unicode_ci NOT NULL,
  `button_link` varchar(255) COLLATE utf8_unicode_ci NOT NULL,
  `button_text` varchar(255) COLLATE utf8_unicode_ci NOT NULL,
  `image` varchar(255) COLLATE utf8_unicode_ci NOT NULL,
  `color_main` varchar(255) COLLATE utf8_unicode_ci NOT NULL,
  `color_secondary` varchar(255) COLLATE utf8_unicode_ci NOT NULL,
  `color_button` varchar(255) COLLATE utf8_unicode_ci NOT NULL,
  `date_created` timestamp NOT NULL DEFAULT CURRENT_TIMESTAMP
) ENGINE=InnoDB DEFAULT CHARSET=utf8 COLLATE=utf8_unicode_ci;

--
-- Dumping data for table `section_header`
--

INSERT INTO `section_header` (`id`, `title_first`, `title_highlight`, `title_last`, `description`, `button_link`, `button_text`, `image`, `color_main`, `color_secondary`, `color_button`, `date_created`) VALUES
(1, 'Present your edit', 'awesome edit', 'product edit', 'Lorem ipsum dolor sit amet. Reprehenderit, qui blanditiis quidem rerum necessitatibus praesentium voluptatum deleniti atque corrupti, quos dolores eos.\n\nedit', '#product edit', 'buy edit', 'e4f28f2158a5f90003ed04d8c336c528.png', '#e9eced', '#43bccd', '#43bccd', '2018-12-19 16:48:01'),
(2, 'Present your', 'awesome', 'product', 'Lorem ipsum dolor sit amet. Reprehenderit, qui blanditiis quidem rerum necessitatibus praesentium voluptatum deleniti atque corrupti, quos dolores eos.', '#product', 'buy', '800bb9b79db6e0d16ec3e6e4bff8c6cb.png', '#e9eced', '#43bccd', '#43bccd', '2018-12-19 16:48:01'),
(3, '', '', '', '', '', '', '', '', '', '', '2018-12-23 13:50:33'),
(4, 'Present your edit', 'awesome edit', 'product edit', 'asdsa sadlksa dasdkasd', '#detik', 'skdasd', 'd49157487a6645fb08441539d9b3b194.png', '', '', '', '2018-12-24 16:52:59'),
(5, 'coba ', 'lagi', 'dong', 'halooo', 'button', 'ini', '305c6b8110b571196ca849a47f0cc508.png', '', '', '', '2018-12-25 17:59:03'),
(6, 'lakdjs', 'lkajsd', 'askdas', '.asjkd/salkjd', 'slakjd', 'jkasd', '001760eb47c7828f4a28101e692f32fc.png', '', '', '', '2018-12-25 18:02:29');

-- --------------------------------------------------------

--
-- Table structure for table `section_newsletter`
--

CREATE TABLE `section_newsletter` (
  `id` int(11) NOT NULL,
  `title` varchar(255) DEFAULT NULL,
  `description` text,
  `spam_text` varchar(255) DEFAULT NULL,
  `placeholder_text` varchar(255) DEFAULT NULL
) ENGINE=InnoDB DEFAULT CHARSET=latin1;

--
-- Dumping data for table `section_newsletter`
--

INSERT INTO `section_newsletter` (`id`, `title`, `description`, `spam_text`, `placeholder_text`) VALUES
(1, 'NEWSLETTER edit', 'Iusto odio dignissimos ducimus, qui dolorem. Nihil impedit, quo voluptas assumenda est, qui ratione voluptatem sequi aboriosam, nisi ut perspiciatis nesciunt neque. edit', 'We don\'t like spam too edit', 'Enter your email edit');

-- --------------------------------------------------------

--
-- Table structure for table `section_product`
--

CREATE TABLE `section_product` (
  `id` int(11) NOT NULL,
  `title` varchar(200) NOT NULL DEFAULT '',
  `description` text NOT NULL,
  `type` enum('type_1','type_2','type_3') NOT NULL DEFAULT 'type_1'
) ENGINE=InnoDB DEFAULT CHARSET=latin1;

--
-- Dumping data for table `section_product`
--

INSERT INTO `section_product` (`id`, `title`, `description`, `type`) VALUES
(1, 'PRODUCTS', 'Voluptatem, quia non numquam eius modi tempora incidunt, ut aliquid. Aperiam eaque ipsa, quae ab illo', 'type_2'),
(2, '', '', 'type_1');

-- --------------------------------------------------------

--
-- Table structure for table `section_product_items`
--

CREATE TABLE `section_product_items` (
  `id` int(11) NOT NULL,
  `prd_id` int(11) NOT NULL,
  `title` varchar(200) NOT NULL,
  `description` varchar(200) NOT NULL,
  `description2` varchar(200) DEFAULT NULL,
  `price` float DEFAULT '0',
  `price_dsc` float DEFAULT '0',
  `image` varchar(200) NOT NULL,
  `image_bg` varchar(200) NOT NULL
) ENGINE=InnoDB DEFAULT CHARSET=latin1;

--
-- Dumping data for table `section_product_items`
--

INSERT INTO `section_product_items` (`id`, `prd_id`, `title`, `description`, `description2`, `price`, `price_dsc`, `image`, `image_bg`) VALUES
(2, 1, 'SPORTS WATCH', 'Basic Green Version', NULL, 150, 120.5, 'watch-green.png', 'product.jpg'),
(3, 1, 'SPORTS WATCH', 'Basic Green Version', NULL, 150, 0, 'watch-green.png', 'product.jpg'),
(4, 1, 'SPORTS WATCH', 'Basic Green Version', NULL, 150, 0, 'watch-green.png', 'product.jpg'),
(9, 1, 'sadsad', 'asdasd', 'sadasdsadasd', 213, 13213, '0b66f3153fce119337801cdfbfb6a5af.png', '12d9c8197b85274c224f9c383b35268e.png'),
(10, 1, 'asdasdasd', 'asadass dsad asdsad asd', 'asdsadas', 2321, 123213, '9ad0a7cc6aa7a0b862dbc3bb8413791d.png', 'ddf997f489026166c44702770594ff01.jpg');

-- --------------------------------------------------------

--
-- Table structure for table `section_review`
--

CREATE TABLE `section_review` (
  `id` int(11) NOT NULL,
  `title` varchar(255) DEFAULT NULL,
  `description` text,
  `date_created` timestamp NULL DEFAULT CURRENT_TIMESTAMP
) ENGINE=InnoDB DEFAULT CHARSET=latin1;

--
-- Dumping data for table `section_review`
--

INSERT INTO `section_review` (`id`, `title`, `description`, `date_created`) VALUES
(1, 'REVIEWS edit', 'Quisquam est, omnis dolor sit, aspernatur aut odit. Voluptatum deleniti atque corrupti, quos dolores et voluptates repudiandae sint et perferendis doloribus asperiores molestiae. edit', '2018-12-21 16:33:48');

-- --------------------------------------------------------

--
-- Table structure for table `section_review_customers`
--

CREATE TABLE `section_review_customers` (
  `id` int(11) NOT NULL,
  `srev_id` int(11) DEFAULT NULL,
  `name` varchar(255) DEFAULT NULL,
  `image` varchar(255) DEFAULT NULL,
  `link` varchar(255) DEFAULT NULL
) ENGINE=InnoDB DEFAULT CHARSET=latin1;

--
-- Dumping data for table `section_review_customers`
--

INSERT INTO `section_review_customers` (`id`, `srev_id`, `name`, `image`, `link`) VALUES
(1, 1, 'dev magazine', 'review-4.png', '#'),
(2, 1, 'dev magazine', 'review-4.png', '#'),
(3, 1, 'dev magazine', 'review-4.png', '#'),
(4, 1, 'dev magazine', 'review-4.png', '#');

-- --------------------------------------------------------

--
-- Table structure for table `section_review_items`
--

CREATE TABLE `section_review_items` (
  `id` int(11) NOT NULL,
  `srev_id` int(11) DEFAULT NULL,
  `review` text,
  `name` varchar(255) DEFAULT NULL,
  `position` varchar(255) DEFAULT NULL,
  `image` varchar(255) DEFAULT NULL
) ENGINE=InnoDB DEFAULT CHARSET=latin1;

--
-- Dumping data for table `section_review_items`
--

INSERT INTO `section_review_items` (`id`, `srev_id`, `review`, `name`, `position`, `image`) VALUES
(1, 1, 'Voluptates repudiandae sint et accusamus et sunt dolore. Dignissimos ducimus, qui blanditiis praesentium voluptatum deleniti atque corrupti, quos dolores. Nobis est eligendi optio, cumque nihil impedit. Facere possimus, omnis dolor sit, aspernatur aut perferendis.', 'Jody Logan', 'CEO, First Company', 'comment-author-1.jpg'),
(2, 1, 'Voluptates repudiandae sint et accusamus et sunt dolore. Dignissimos ducimus, qui blanditiis praesentium voluptatum deleniti atque corrupti, quos dolores. Nobis est eligendi optio, cumque nihil impedit. Facere possimus, omnis dolor sit, aspernatur aut perferendis.', 'Jody Logan', 'CEO, First Company', 'comment-author-1.jpg');

-- --------------------------------------------------------

--
-- Table structure for table `section_team`
--

CREATE TABLE `section_team` (
  `id` int(11) NOT NULL,
  `title` varchar(255) DEFAULT NULL,
  `description` text,
  `date_created` timestamp NULL DEFAULT CURRENT_TIMESTAMP
) ENGINE=InnoDB DEFAULT CHARSET=latin1;

--
-- Dumping data for table `section_team`
--

INSERT INTO `section_team` (`id`, `title`, `description`, `date_created`) VALUES
(1, 'OUR TEAM edit', 'Numquam eius modi tempora incidunt, ut et harum quidem rerum facilis. Odit aut rerum hic tenetur a sapiente delectus. Repudiandae sint et quas molestias excepturi sint obcaecati. Ipsam voluptatem, quia dolor sit, aspernatur. edit', '2018-12-21 16:25:38');

-- --------------------------------------------------------

--
-- Table structure for table `section_team_items`
--

CREATE TABLE `section_team_items` (
  `id` int(11) NOT NULL,
  `steam_id` int(11) DEFAULT NULL,
  `name` varchar(255) DEFAULT NULL,
  `description` varchar(255) DEFAULT NULL,
  `photo` varchar(255) DEFAULT NULL
) ENGINE=InnoDB DEFAULT CHARSET=latin1;

--
-- Dumping data for table `section_team_items`
--

INSERT INTO `section_team_items` (`id`, `steam_id`, `name`, `description`, `photo`) VALUES
(1, 1, 'Penny Cross', 'Lead Engineer', 'member-1.jpg'),
(2, 1, 'Penny Cross', 'Lead Engineer', 'member-1.jpg'),
(3, 1, 'Penny Cross', 'Lead Engineer', 'member-1.jpg'),
(4, 1, 'Penny Cross', 'Lead Engineer', 'member-1.jpg');

-- --------------------------------------------------------

--
-- Table structure for table `section_technologies`
--

CREATE TABLE `section_technologies` (
  `id` int(11) NOT NULL,
  `title` varchar(200) COLLATE utf8_unicode_ci NOT NULL,
  `description` text COLLATE utf8_unicode_ci NOT NULL,
  `image` varchar(200) COLLATE utf8_unicode_ci NOT NULL,
  `date_created` timestamp NOT NULL DEFAULT CURRENT_TIMESTAMP
) ENGINE=InnoDB DEFAULT CHARSET=utf8 COLLATE=utf8_unicode_ci;

--
-- Dumping data for table `section_technologies`
--

INSERT INTO `section_technologies` (`id`, `title`, `description`, `image`, `date_created`) VALUES
(1, 'TECHNOLOGIES', 'Nostrum exercitationem ullam corporis suscipit laboriosam, nisi ut aut commodi autem rerum facilis. Cupiditate non recusandae temporibus autem vel illum edit', '560185d8eb3b51ee319351e7f8aedd01.jpg', '2018-12-19 17:36:35');

-- --------------------------------------------------------

--
-- Table structure for table `section_technologies_items`
--

CREATE TABLE `section_technologies_items` (
  `id` int(11) NOT NULL,
  `st_id` int(11) NOT NULL,
  `icon` varchar(200) COLLATE utf8_unicode_ci NOT NULL,
  `title` varchar(200) COLLATE utf8_unicode_ci NOT NULL,
  `description` varchar(200) COLLATE utf8_unicode_ci NOT NULL
) ENGINE=InnoDB DEFAULT CHARSET=utf8 COLLATE=utf8_unicode_ci;

--
-- Dumping data for table `section_technologies_items`
--

INSERT INTO `section_technologies_items` (`id`, `st_id`, `icon`, `title`, `description`) VALUES
(22, 1, 'icon-shield', 'fitur 1', 'ini fitur 1'),
(23, 1, 'icon-diamond', 'fitur 2', 'ini fitur 2'),
(24, 1, 'icon-rocket', 'fitur 3', 'ini fitur 3'),
(25, 1, 'icon-bulb', 'fitur 4', 'ini fitur 4');

-- --------------------------------------------------------

--
-- Table structure for table `section_video`
--

CREATE TABLE `section_video` (
  `id` int(11) NOT NULL,
  `link` varchar(255) DEFAULT NULL,
  `date_created` timestamp NULL DEFAULT CURRENT_TIMESTAMP
) ENGINE=InnoDB DEFAULT CHARSET=latin1;

--
-- Dumping data for table `section_video`
--

INSERT INTO `section_video` (`id`, `link`, `date_created`) VALUES
(1, 'FzVR_fymZw4', '2018-12-20 07:24:34');

-- --------------------------------------------------------

--
-- Table structure for table `site_config`
--

CREATE TABLE `site_config` (
  `id` int(11) NOT NULL,
  `name` varchar(255) DEFAULT NULL,
  `value` text
) ENGINE=InnoDB DEFAULT CHARSET=latin1;

--
-- Dumping data for table `site_config`
--

INSERT INTO `site_config` (`id`, `name`, `value`) VALUES
(1, 'site-title', 'we shop bay'),
(2, 'top-title', 'we shop'),
(3, 'top-subtitle', 'Perfect Gadget'),
(4, 'meta-description', 'ini meta'),
(5, 'meta-keywords', 'ini keyword'),
(6, 'fav-icon', NULL);

-- --------------------------------------------------------

--
-- Table structure for table `type_section`
--

CREATE TABLE `type_section` (
  `id` int(11) NOT NULL,
  `name` varchar(200) COLLATE utf8_unicode_ci NOT NULL,
  `db_table` varchar(200) COLLATE utf8_unicode_ci NOT NULL
) ENGINE=InnoDB DEFAULT CHARSET=utf8 COLLATE=utf8_unicode_ci;

--
-- Dumping data for table `type_section`
--

INSERT INTO `type_section` (`id`, `name`, `db_table`) VALUES
(1, 'header', 'section_header'),
(2, 'about', 'section_about'),
(3, 'technologies', 'section_technologies'),
(4, 'features', 'section_features'),
(5, 'gallery', 'section_gallery'),
(6, 'product', 'section_product'),
(7, 'video', 'section_video'),
(8, 'faq', 'section_faq'),
(9, 'download', 'section_download'),
(10, 'team', 'section_team'),
(11, 'review', 'section_review'),
(12, 'buy', 'section_buy'),
(13, 'newsletter', 'section_newsletter'),
(14, 'footer', 'section_footer');

-- --------------------------------------------------------

--
-- Stand-in structure for view `view_list_section`
-- (See below for the actual view)
--
CREATE TABLE `view_list_section` (
`id` int(11)
,`section_id` int(11)
,`name` varchar(200)
,`type_sec_id` int(11)
,`sec_order` int(11)
,`date_created` timestamp
,`ts_name` varchar(200)
,`db_table` varchar(200)
);

-- --------------------------------------------------------

--
-- Structure for view `get_list_section_order`
--
DROP TABLE IF EXISTS `get_list_section_order`;

CREATE ALGORITHM=UNDEFINED DEFINER=`root`@`localhost` SQL SECURITY DEFINER VIEW `get_list_section_order`  AS  select `list_section`.`sec_order` AS `sec_order` from `list_section` order by `list_section`.`sec_order` desc limit 1 ;

-- --------------------------------------------------------

--
-- Structure for view `view_list_section`
--
DROP TABLE IF EXISTS `view_list_section`;

CREATE ALGORITHM=UNDEFINED DEFINER=`root`@`localhost` SQL SECURITY DEFINER VIEW `view_list_section`  AS  select `ls`.`id` AS `id`,`ls`.`section_id` AS `section_id`,`ls`.`name` AS `name`,`ls`.`type_sec_id` AS `type_sec_id`,`ls`.`sec_order` AS `sec_order`,`ls`.`date_created` AS `date_created`,`ts`.`name` AS `ts_name`,`ts`.`db_table` AS `db_table` from (`list_section` `ls` join `type_section` `ts`) where (`ls`.`type_sec_id` = `ts`.`id`) order by `ls`.`sec_order` ;

--
-- Indexes for dumped tables
--

--
-- Indexes for table `coupon`
--
ALTER TABLE `coupon`
  ADD PRIMARY KEY (`id`),
  ADD UNIQUE KEY `code` (`code`);

--
-- Indexes for table `list_section`
--
ALTER TABLE `list_section`
  ADD PRIMARY KEY (`id`);

--
-- Indexes for table `mst_city`
--
ALTER TABLE `mst_city`
  ADD PRIMARY KEY (`id`);

--
-- Indexes for table `mst_delivery`
--
ALTER TABLE `mst_delivery`
  ADD PRIMARY KEY (`id`);

--
-- Indexes for table `mst_province`
--
ALTER TABLE `mst_province`
  ADD PRIMARY KEY (`id`);

--
-- Indexes for table `mst_transfer`
--
ALTER TABLE `mst_transfer`
  ADD PRIMARY KEY (`id`);

--
-- Indexes for table `orders`
--
ALTER TABLE `orders`
  ADD PRIMARY KEY (`id`);

--
-- Indexes for table `section_about`
--
ALTER TABLE `section_about`
  ADD PRIMARY KEY (`id`);

--
-- Indexes for table `section_buy`
--
ALTER TABLE `section_buy`
  ADD PRIMARY KEY (`id`);

--
-- Indexes for table `section_download`
--
ALTER TABLE `section_download`
  ADD PRIMARY KEY (`id`);

--
-- Indexes for table `section_faq`
--
ALTER TABLE `section_faq`
  ADD PRIMARY KEY (`id`);

--
-- Indexes for table `section_faq_items`
--
ALTER TABLE `section_faq_items`
  ADD PRIMARY KEY (`id`);

--
-- Indexes for table `section_features`
--
ALTER TABLE `section_features`
  ADD PRIMARY KEY (`id`);

--
-- Indexes for table `section_features_items`
--
ALTER TABLE `section_features_items`
  ADD PRIMARY KEY (`id`);

--
-- Indexes for table `section_footer`
--
ALTER TABLE `section_footer`
  ADD PRIMARY KEY (`id`);

--
-- Indexes for table `section_footer_links`
--
ALTER TABLE `section_footer_links`
  ADD PRIMARY KEY (`id`);

--
-- Indexes for table `section_footer_social`
--
ALTER TABLE `section_footer_social`
  ADD PRIMARY KEY (`id`);

--
-- Indexes for table `section_gallery`
--
ALTER TABLE `section_gallery`
  ADD PRIMARY KEY (`id`);

--
-- Indexes for table `section_gallery_items`
--
ALTER TABLE `section_gallery_items`
  ADD PRIMARY KEY (`id`);

--
-- Indexes for table `section_header`
--
ALTER TABLE `section_header`
  ADD PRIMARY KEY (`id`);

--
-- Indexes for table `section_newsletter`
--
ALTER TABLE `section_newsletter`
  ADD PRIMARY KEY (`id`);

--
-- Indexes for table `section_product`
--
ALTER TABLE `section_product`
  ADD PRIMARY KEY (`id`);

--
-- Indexes for table `section_product_items`
--
ALTER TABLE `section_product_items`
  ADD PRIMARY KEY (`id`);

--
-- Indexes for table `section_review`
--
ALTER TABLE `section_review`
  ADD PRIMARY KEY (`id`);

--
-- Indexes for table `section_review_customers`
--
ALTER TABLE `section_review_customers`
  ADD PRIMARY KEY (`id`);

--
-- Indexes for table `section_review_items`
--
ALTER TABLE `section_review_items`
  ADD PRIMARY KEY (`id`);

--
-- Indexes for table `section_team`
--
ALTER TABLE `section_team`
  ADD PRIMARY KEY (`id`);

--
-- Indexes for table `section_team_items`
--
ALTER TABLE `section_team_items`
  ADD PRIMARY KEY (`id`);

--
-- Indexes for table `section_technologies`
--
ALTER TABLE `section_technologies`
  ADD PRIMARY KEY (`id`);

--
-- Indexes for table `section_technologies_items`
--
ALTER TABLE `section_technologies_items`
  ADD PRIMARY KEY (`id`);

--
-- Indexes for table `section_video`
--
ALTER TABLE `section_video`
  ADD PRIMARY KEY (`id`);

--
-- Indexes for table `site_config`
--
ALTER TABLE `site_config`
  ADD PRIMARY KEY (`id`);

--
-- Indexes for table `type_section`
--
ALTER TABLE `type_section`
  ADD PRIMARY KEY (`id`);

--
-- AUTO_INCREMENT for dumped tables
--

--
-- AUTO_INCREMENT for table `coupon`
--
ALTER TABLE `coupon`
  MODIFY `id` int(11) UNSIGNED NOT NULL AUTO_INCREMENT, AUTO_INCREMENT=2;

--
-- AUTO_INCREMENT for table `list_section`
--
ALTER TABLE `list_section`
  MODIFY `id` int(11) NOT NULL AUTO_INCREMENT, AUTO_INCREMENT=33;

--
-- AUTO_INCREMENT for table `mst_city`
--
ALTER TABLE `mst_city`
  MODIFY `id` int(11) NOT NULL AUTO_INCREMENT, AUTO_INCREMENT=9472;

--
-- AUTO_INCREMENT for table `mst_delivery`
--
ALTER TABLE `mst_delivery`
  MODIFY `id` int(11) NOT NULL AUTO_INCREMENT, AUTO_INCREMENT=513;

--
-- AUTO_INCREMENT for table `mst_province`
--
ALTER TABLE `mst_province`
  MODIFY `id` int(11) NOT NULL AUTO_INCREMENT, AUTO_INCREMENT=95;

--
-- AUTO_INCREMENT for table `mst_transfer`
--
ALTER TABLE `mst_transfer`
  MODIFY `id` int(11) UNSIGNED NOT NULL AUTO_INCREMENT, AUTO_INCREMENT=4;

--
-- AUTO_INCREMENT for table `orders`
--
ALTER TABLE `orders`
  MODIFY `id` int(11) NOT NULL AUTO_INCREMENT;

--
-- AUTO_INCREMENT for table `section_about`
--
ALTER TABLE `section_about`
  MODIFY `id` int(11) NOT NULL AUTO_INCREMENT, AUTO_INCREMENT=2;

--
-- AUTO_INCREMENT for table `section_buy`
--
ALTER TABLE `section_buy`
  MODIFY `id` int(11) NOT NULL AUTO_INCREMENT, AUTO_INCREMENT=2;

--
-- AUTO_INCREMENT for table `section_download`
--
ALTER TABLE `section_download`
  MODIFY `id` int(11) NOT NULL AUTO_INCREMENT, AUTO_INCREMENT=2;

--
-- AUTO_INCREMENT for table `section_faq`
--
ALTER TABLE `section_faq`
  MODIFY `id` int(11) NOT NULL AUTO_INCREMENT, AUTO_INCREMENT=4;

--
-- AUTO_INCREMENT for table `section_faq_items`
--
ALTER TABLE `section_faq_items`
  MODIFY `id` int(11) NOT NULL AUTO_INCREMENT, AUTO_INCREMENT=4;

--
-- AUTO_INCREMENT for table `section_features`
--
ALTER TABLE `section_features`
  MODIFY `id` int(11) NOT NULL AUTO_INCREMENT, AUTO_INCREMENT=2;

--
-- AUTO_INCREMENT for table `section_features_items`
--
ALTER TABLE `section_features_items`
  MODIFY `id` int(11) NOT NULL AUTO_INCREMENT, AUTO_INCREMENT=9;

--
-- AUTO_INCREMENT for table `section_footer`
--
ALTER TABLE `section_footer`
  MODIFY `id` int(11) NOT NULL AUTO_INCREMENT, AUTO_INCREMENT=14;

--
-- AUTO_INCREMENT for table `section_footer_links`
--
ALTER TABLE `section_footer_links`
  MODIFY `id` int(11) NOT NULL AUTO_INCREMENT, AUTO_INCREMENT=4;

--
-- AUTO_INCREMENT for table `section_footer_social`
--
ALTER TABLE `section_footer_social`
  MODIFY `id` int(11) NOT NULL AUTO_INCREMENT, AUTO_INCREMENT=7;

--
-- AUTO_INCREMENT for table `section_gallery`
--
ALTER TABLE `section_gallery`
  MODIFY `id` int(11) NOT NULL AUTO_INCREMENT, AUTO_INCREMENT=2;

--
-- AUTO_INCREMENT for table `section_gallery_items`
--
ALTER TABLE `section_gallery_items`
  MODIFY `id` int(11) NOT NULL AUTO_INCREMENT, AUTO_INCREMENT=5;

--
-- AUTO_INCREMENT for table `section_header`
--
ALTER TABLE `section_header`
  MODIFY `id` int(11) NOT NULL AUTO_INCREMENT, AUTO_INCREMENT=7;

--
-- AUTO_INCREMENT for table `section_newsletter`
--
ALTER TABLE `section_newsletter`
  MODIFY `id` int(11) NOT NULL AUTO_INCREMENT, AUTO_INCREMENT=2;

--
-- AUTO_INCREMENT for table `section_product`
--
ALTER TABLE `section_product`
  MODIFY `id` int(11) NOT NULL AUTO_INCREMENT, AUTO_INCREMENT=3;

--
-- AUTO_INCREMENT for table `section_product_items`
--
ALTER TABLE `section_product_items`
  MODIFY `id` int(11) NOT NULL AUTO_INCREMENT, AUTO_INCREMENT=11;

--
-- AUTO_INCREMENT for table `section_review`
--
ALTER TABLE `section_review`
  MODIFY `id` int(11) NOT NULL AUTO_INCREMENT, AUTO_INCREMENT=2;

--
-- AUTO_INCREMENT for table `section_review_customers`
--
ALTER TABLE `section_review_customers`
  MODIFY `id` int(11) NOT NULL AUTO_INCREMENT, AUTO_INCREMENT=5;

--
-- AUTO_INCREMENT for table `section_review_items`
--
ALTER TABLE `section_review_items`
  MODIFY `id` int(11) NOT NULL AUTO_INCREMENT, AUTO_INCREMENT=3;

--
-- AUTO_INCREMENT for table `section_team`
--
ALTER TABLE `section_team`
  MODIFY `id` int(11) NOT NULL AUTO_INCREMENT, AUTO_INCREMENT=2;

--
-- AUTO_INCREMENT for table `section_team_items`
--
ALTER TABLE `section_team_items`
  MODIFY `id` int(11) NOT NULL AUTO_INCREMENT, AUTO_INCREMENT=5;

--
-- AUTO_INCREMENT for table `section_technologies`
--
ALTER TABLE `section_technologies`
  MODIFY `id` int(11) NOT NULL AUTO_INCREMENT, AUTO_INCREMENT=2;

--
-- AUTO_INCREMENT for table `section_technologies_items`
--
ALTER TABLE `section_technologies_items`
  MODIFY `id` int(11) NOT NULL AUTO_INCREMENT, AUTO_INCREMENT=26;

--
-- AUTO_INCREMENT for table `section_video`
--
ALTER TABLE `section_video`
  MODIFY `id` int(11) NOT NULL AUTO_INCREMENT, AUTO_INCREMENT=2;

--
-- AUTO_INCREMENT for table `site_config`
--
ALTER TABLE `site_config`
  MODIFY `id` int(11) NOT NULL AUTO_INCREMENT, AUTO_INCREMENT=7;

--
-- AUTO_INCREMENT for table `type_section`
--
ALTER TABLE `type_section`
  MODIFY `id` int(11) NOT NULL AUTO_INCREMENT, AUTO_INCREMENT=15;
COMMIT;

/*!40101 SET CHARACTER_SET_CLIENT=@OLD_CHARACTER_SET_CLIENT */;
/*!40101 SET CHARACTER_SET_RESULTS=@OLD_CHARACTER_SET_RESULTS */;
/*!40101 SET COLLATION_CONNECTION=@OLD_COLLATION_CONNECTION */;
